id,Domain,Status,Attractiveness,Demand,Length,Registrar,Created,Expires
206f7492-befb-4109-8fce-21ad1c602a4e,show.tennis,available,72,30,4,,,
79e0ab85-589d-4402-aab0-54e511ab1289,show.theatre,available,72,30,4,,,
52aea9ca-ddc8-424b-860f-3e1c70db8b02,show.tickets,premium,72,30,4,,,
37d93e26-1145-4d7b-986d-8d008ea5fecf,show.tienda,available,72,30,4,,,
9277cd9e-f6b1-47d4-8aee-9b28dcffc96f,show.tips,premium,72,30,4,,,
5c668103-afa5-4ea9-b5fd-ec402e4a9443,show.tires,available,72,30,4,,,
678be1f6-08bd-444c-950b-e807b74e8b82,show.today,resell,72,30,4,"Chengdu West Dimension Digital Technology Co., Ltd.",22/11/2022 15:15,22/11/2025 15:15
d07a2b97-3dcb-494e-bff9-09e9d984c6e0,show.toys,premium,72,30,4,,,
a90c82b5-b8b4-4e04-be63-b4fb3b926f0e,show.trade,resell,72,30,4,Porkbun,29/07/2019 12:48,29/07/2026 12:48
16ec2e4f-7a6c-4974-b578-580c2c06d405,show.training,available,72,30,4,,,
5d5e62eb-1daf-4e8e-9728-91da51cabc1a,show.university,premium,72,30,4,,,
c49fc4ec-dc62-4a2c-ac71-137558f76827,show.uno,premium,72,30,4,,,
c4865144-be1f-4b0d-811e-ead65424348d,show.us,resell,72,30,4,Dynadot Inc,09/03/2017 18:01,08/03/2026 23:59
692d546c-e6bf-4b86-8e30-0230f64f2f72,show.vacations,premium,72,30,4,,,
fcf23144-f459-4995-acd7-a47844298adb,show.vana,available,72,30,4,,,
84c31e8c-6f25-4d99-82e7-281d7c58baf6,show.vegas,resell,72,30,4,Dynadot Inc,02/07/2022 18:13,02/07/2026 18:13
89125e4c-8ceb-4628-b2c8-4a442afb6b64,show.ventures,available,72,30,4,,,
d14891a6-2a89-42d5-936e-36b29d189b23,show.viajes,available,72,30,4,,,
38914937-c50c-426c-a071-9f4ba895ea2c,show.vin,available,72,30,4,,,
0b46444a-bce8-4c10-a899-0751334f44cf,show.vodka,premium,72,30,4,,,
583a1205-9539-4717-8d3c-fe2a4e8d7b70,show.voting,available,72,30,4,,,
e44b2e32-3e35-4ad7-a92e-e55dbfaa2ad5,show.voto,available,72,30,4,,,
7446dd0e-1ec4-47c7-9206-4a9523b440ae,show.voyage,available,72,30,4,,,
9e804dee-4e69-4f17-ac1f-40aff722e54a,show.webcam,premium,72,30,4,,,
a423b8e1-46cc-4354-b44c-5627beae8486,show.website,premium,72,30,4,,,
a0db20f3-5aee-457c-9ac2-6f85e64fc3fe,show.wedding,resell,72,30,4,"GoDaddy.com, LLC",10/07/2024 22:20,10/07/2026 22:20
dd077647-be0e-460c-b8d7-3de715a7b07e,show.wiki,premium,72,30,4,,,
d8c47ae8-7c3d-4c20-9bc2-ea5cac609bad,show.wine,expiring,72,30,4,Dreamscape Networks International Pte Ltd,16/09/2019 02:47,16/09/2025 02:47
8f2be966-4476-4d99-b65a-804e1db13256,show.xyz,resell,72,30,4,Dynadot LLC,07/04/2016 15:50,07/04/2030 23:59
d24b24fd-dee4-44bb-b000-7959015afd74,show.yoga,premium,72,30,4,,,
9fa2bdad-38ae-4b42-a04c-46080fad53d0,show.zone,resell,72,30,4,"DNSPod, Inc.",14/06/2024 15:15,14/06/2026 15:15
0538e82e-74ec-49fd-8418-b0f32b2a6d4d,show.accountant,premium,72,30,4,,,
7b773e27-0ad7-454f-a665-2a10a21142bf,show.accountants,available,72,30,4,,,
e9f341a5-94b9-4be7-8f6d-72f9056aca17,show.actor,premium,72,30,4,,,
701f06b4-b23c-4952-8290-6af41e199b26,show.adult,premium,72,30,4,,,
5d8a17a7-d39a-4d5e-82dd-441ea2348330,show.agency,resell,72,30,4,"Sav.com, LLC - 11",17/10/2021 13:15,17/10/2025 13:15
83685345-61ec-41b7-8dce-38977f53ebba,show.airforce,available,72,30,4,,,
2d507c95-a870-4d74-be75-6a947c81f705,show.apartments,available,72,30,4,,,
4229bf33-9bb1-4dc6-8749-dd9a5e6704e6,show.archi,available,72,30,4,,,
17c23f44-9bce-4663-8f5b-60c52e602fc6,show.army,available,72,30,4,,,
104bfa8f-fee4-4718-ac0a-ce67b82e929c,show.art,premium,72,30,4,,,
c6788d37-4045-4b7a-8fae-2258ba35a736,show.associates,available,72,30,4,,,
6a3b06fd-2fb6-40ab-b270-64be524743bb,show.at,available,72,30,4,,,
4ca7aacd-2fed-4e71-ada7-9c518e3b4cda,show.attorney,premium,72,30,4,,,
65b9e347-db56-4eeb-ae1a-1042b70a8ad3,show.auction,available,72,30,4,,,
aa590aed-6786-4bf0-a3cb-a2da6529aaa5,show.audio,available,72,30,4,,,
b1f8a035-ee32-46a4-b9e7-9caca8b22b46,show.auto,available,72,30,4,,,
dca25646-b01e-4ca3-b7a0-e4aca4889d1f,show.autos,resell,72,30,4,"Spaceship, Inc.",23/07/2021 14:35,23/07/2026 23:59
6e76a395-3d24-4347-892c-bb188b2e6be2,show.baby,expiring,72,30,4,"Xiamen ChinaSource Internet Service Co., Ltd",05/09/2024 08:48,05/09/2025 23:59
d028d10e-8223-4e8e-aa23-433b24da9f54,show.band,premium,72,30,4,,,
9a84ccf9-d5ab-48a6-b684-03e7eada96e8,show.bar,premium,72,30,4,,,
a0b95a8d-07bd-4cd5-9fdf-acb45f6a77a6,show.bargains,premium,72,30,4,,,
813f2f98-713a-4a35-9c27-1400b86097be,show.bayern,premium,72,30,4,,,
e9f6cb9c-6eff-411b-900a-624c1254acae,show.beauty,premium,72,30,4,,,
72879e22-a673-4c2b-a994-a7508252238a,show.berlin,available,72,30,4,,,
fed6ca03-3453-4440-a6aa-9ca9182d55a0,show.bet,resell,72,30,4,"Sav.com, LLC - 24",03/04/2024 15:15,03/04/2026 15:15
3fc4afe5-10fc-4ac2-b2a9-6dac01f852e0,show.bid,resell,72,30,4,Porkbun,26/07/2019 14:26,26/07/2026 14:26
bd0b223a-5d9e-4431-8af5-11469d7f979f,show.bike,resell,72,30,4,"Sav.com, LLC - 15",31/07/2025 15:15,31/07/2026 15:15
1bc84038-915a-4ecd-a742-a52b4d594b4f,show.bingo,available,72,30,4,,,
c36f69d5-f1f3-4c33-bf52-8825efd88af8,show.blackfriday,available,72,30,4,,,
3ea36712-52c8-47a4-8c7d-54aafe9684bb,show.blog,premium,72,30,4,,,
0fc99716-d853-46a6-812a-89bb5099ec6e,show.blue,expiring,72,30,4,"Sav.com, LLC - 36",18/09/2024 17:00,18/09/2025 17:00
98246fd3-09b6-4d8f-a4fe-a3d4267dcd49,show.boats,resell,72,30,4,"Go Daddy, LLC",14/06/2021 22:46,14/06/2026 23:59
bb7291a7-23b9-4976-8d17-62c3bccf47c8,show.boo,premium,72,30,4,,,
0e2269da-6411-4e3f-a296-3d377763352a,show.boston,premium,72,30,4,,,
34155818-cf80-4b80-a81e-97d619786306,show.boutique,available,72,30,4,,,
4b712add-03c5-4f98-957f-0bd3ec59fc51,show.build,premium,72,30,4,,,
b1afe62d-983f-4480-b09b-dcae520a1202,show.business,resell,72,30,4,1API GmbH,06/12/2014 16:00,06/12/2025 16:00
c858c0f2-3b65-4cd0-8679-6db07043ab13,show.buzz,expired,72,30,4,Dot Strategy Co,15/08/2017 14:25,15/08/2025 14:25
0edb97e2-15be-4f0d-9c37-a344fd4ed5a9,show.cab,available,72,30,4,,,
14573fba-cbf2-436b-9739-072ed23081ac,show.cafe,resell,72,30,4,"DNSPod, Inc.",04/07/2024 15:15,04/07/2026 15:15
6fcd06e2-cec9-4913-a344-bdfb72c9f9c8,show.camera,premium,72,30,4,,,
1e7abec3-ba58-4829-aa43-b196201e8840,show.camp,available,72,30,4,,,
715256dd-cb76-4e86-9ebd-318b51aaa245,show.capital,premium,72,30,4,,,
18f6524a-20dc-416f-8e60-693158d2ae10,show.car,available,72,30,4,,,
936ec032-108e-4138-bdc3-2c98ab418a3a,show.careers,premium,72,30,4,,,
d307bf2f-c3e4-4ba7-b26c-625cf922229f,show.cars,available,72,30,4,,,
d5ff0eae-8e19-41e7-a02a-a940891cfdb4,show.casa,premium,72,30,4,,,
cbc3b722-e648-4e50-b832-bcda29918099,show.cash,expiring,72,30,4,Porkbun LLC,08/09/2015 23:02,08/09/2025 23:02
6e9dc31f-1f50-42b8-9d88-c8d845ba32bb,show.casino,resell,72,30,4,"Sav.com, LLC - 46",12/06/2025 15:15,12/06/2026 15:15
b49205b7-57ea-4d6c-bf19-e9a3a5012e83,show.catering,premium,72,30,4,,,
38f77149-7bd1-4d2d-b968-ab3e81240a44,show.center,resell,72,30,4,"Chengdu West Dimension Digital Technology Co., Ltd.",05/12/2018 16:16,05/12/2025 16:16
6ed59782-a65b-4af9-8280-3573f2debd6f,show.ceo,premium,72,30,4,,,
e69566e0-fa80-4bb8-8b86-48615745a8fe,show.charity,available,72,30,4,,,
64eda046-ca50-465b-bf41-acaf2a7db8a8,show.chat,premium,72,30,4,,,
264664de-830b-4485-8a4b-884e2021a7ff,show.church,available,72,30,4,,,
681132ca-e909-4a68-a50d-3370c7b35204,show.claims,available,72,30,4,,,
f404807b-702a-46ec-8970-b2b13e124895,show.cleaning,premium,72,30,4,,,
15684263-4865-467c-8c25-005e42080a0f,show.click,expiring,72,30,4,"Dynadot, LLC",25/09/2020 12:32,25/09/2025 12:32
3789c45f-0f03-454d-8f82-506a30f7f85a,show.clinic,premium,72,30,4,,,
7dd55a13-3443-44b0-8019-c667e767cb25,show.cloud,premium,72,30,4,,,
f9a25ff2-3c16-474e-8a74-a30af744fe9e,show.club,premium,72,30,4,,,
44ba3aef-1bf8-4330-b76a-a38c7a5b6eef,show.coach,premium,72,30,4,,,
7c6bf55b-053d-4367-a572-090448f56693,show.codes,available,72,30,4,,,
8bdde8da-567b-4d10-83fc-195dafa1bd4b,show.coffee,available,72,30,4,,,
94ec8ec5-37a7-441b-9eea-78aa2e6fcafe,show.college,premium,72,30,4,,,
b73f01b6-cdd8-430f-97dc-4e305012314b,show.com,resell,72,30,4,"Network Solutions, LLC",18/11/1993 05:00,11/12/2025 01:12
58736d31-f2ba-4107-bd0e-8f4cb7a5caef,show.community,expiring,72,30,4,"Key-Systems, LLC",06/09/2023 14:29,06/09/2025 14:29
9df640aa-4bfb-45d0-969a-de7e4926406f,show.company,expiring,72,30,4,"Sav.com, LLC",11/09/2019 18:12,11/09/2025 18:12
7ccda222-92f1-4d70-9de7-3f65b65b490c,show.computer,resell,72,30,4,"Sav.com, LLC",16/12/2024 14:13,16/12/2025 14:13
317d955e-6e77-4bb5-b7ea-f1504a5d0c84,show.condos,premium,72,30,4,,,
325f1fd3-a3fb-4edc-b7d3-e8308cf9e4b8,show.construction,premium,72,30,4,,,
d949c415-ae2c-4bbe-8764-398035acbddd,show.consulting,available,72,30,4,,,
22ecc65f-124a-4f7e-9a9a-13422cf8903a,show.contractors,available,72,30,4,,,
e7bffaf0-0493-4ea1-97b7-31b72364d576,show.cool,resell,72,30,4,Alibaba Cloud Computing Ltd. d/b/a HiChina (www.net.cn),02/07/2015 17:18,02/07/2030 17:18
a87e2af2-2404-4459-802a-138d2f031b91,show.country,available,72,30,4,,,
5a5f029e-4e55-4d9e-9b6a-39b4114aaac6,show.coupons,resell,72,30,4,"Sav.com, LLC",02/12/2024 08:33,02/12/2025 08:33
e38d9cc0-8736-4a12-8a4b-748d0d08c4c0,show.courses,premium,72,30,4,,,
dc5a0e28-bfec-4770-990c-00f948435f4d,show.creditcard,premium,72,30,4,,,
18de600b-5e07-4b6a-a7ae-872f64d74ef9,show.cricket,premium,72,30,4,,,
00545dc8-b3fb-40cd-9eb3-a79732033088,show.cruises,premium,72,30,4,,,
f41f804e-f868-4c08-aa45-d86b735b8043,show.cyou,premium,72,30,4,,,
a8a57867-ba8b-4c3e-a912-d465c2abdbb1,show.dad,premium,72,30,4,,,
357fbb49-b0f6-4740-89fc-e5d2c0989128,show.dance,premium,72,30,4,,,
54982862-fc15-44a3-bec5-a6a58ea4bbbf,show.date,premium,72,30,4,,,
4dea7e3c-76a2-4eb8-9577-9812aa197e83,show.dating,available,72,30,4,,,
1b8afcde-2393-4d2c-8eff-71d033f31f47,show.day,premium,72,30,4,,,
5e26a12d-2293-4b8a-9a21-9544f4c0a722,show.dealer,premium,72,30,4,,,
982f98c8-7167-453c-8785-dfd315de5fe9,show.deals,expiring,72,30,4,Porkbun LLC,08/09/2015 22:56,08/09/2025 22:56
a027bff7-96ce-47f6-b9bd-bb74dbaebdc8,show.democrat,available,72,30,4,,,
4140a68d-4a74-4981-b91d-d7a132905592,show.dental,available,72,30,4,,,
d2b14a01-acff-4e0d-8caf-008f80b8343d,show.dentist,available,72,30,4,,,
f87beec4-1440-42d4-bfdb-83701cb27d57,show.design,premium,72,30,4,,,
d9a81061-ff63-44c4-86df-379ec9babbdf,show.dev,premium,72,30,4,,,
4077905b-50ac-42f8-8f1e-30a4b60ef603,show.diamonds,available,72,30,4,,,
8f2608f0-6009-470c-8d2d-78cf76cc2174,show.diet,available,72,30,4,,,
38c89b24-0775-4a83-b9ae-3fc72ef32a79,show.discount,resell,72,30,4,"GoDaddy.com, LLC",23/08/2021 10:08,23/08/2026 10:08
f6444235-f63d-49e1-8aba-fb7eea681959,show.diy,premium,72,30,4,,,
3c0c41da-a7c0-4fce-b11b-d3def2e7a368,show.doctor,resell,72,30,4,"Go Canada Domains, LLC",02/11/2016 16:00,02/11/2025 16:00
45757465-77b1-469d-b581-c78edb5f3028,show.download,premium,72,30,4,,,
93d3d8f8-156d-4ce1-a37f-fe0b6123ec4a,show.earth,expiring,72,30,4,"NameSilo, LLC",23/09/2015 22:49,22/09/2025 23:59
74fbe12e-0db9-4d9d-a27f-d045f9381128,show.education,premium,72,30,4,,,
80c7cd2d-96e4-493b-aaf7-416fd0c58b52,show.energy,available,72,30,4,,,
11749918-d86e-4072-9fa1-46f58cbbe6c6,show.enterprises,available,72,30,4,,,
068f572b-f413-498f-97e4-2ed4945f6c1d,show.esq,premium,72,30,4,,,
2d507ab2-6c28-4a1d-b411-6cf785a0acc5,show.estate,resell,72,30,4,Dynadot Inc,12/06/2025 17:00,12/06/2026 17:00
83df651c-cafb-4758-a5de-58ce46fa36e0,show.expert,premium,72,30,4,,,
7a2ed73e-aecc-416b-adde-e0369e70ec40,show.exposed,premium,72,30,4,,,
b688ef44-2964-4d21-8fbc-1349a8405d93,show.express,resell,72,30,4,"Sav.com, LLC - 30",18/08/2024 17:00,18/08/2026 17:00
b25165e3-5eea-4186-96c8-9ec91ed130ad,show.fail,premium,72,30,4,,,
b7ff55a0-8297-449c-b262-d98ea732ac68,show.faith,premium,72,30,4,,,
87b96748-fde4-4b6e-88e0-269fbffa8b3d,show.fans,premium,72,30,4,,,
d2715a48-e4ce-4187-9adf-1ecb885d9ab2,show.fashion,resell,72,30,4,"Spaceship, Inc.",23/04/2021 16:00,23/04/2026 16:00
e2bc6ab7-e0b2-4722-8e52-1b33543249f5,show.film,premium,72,30,4,,,
f73aeedf-e788-4f3e-abff-485e87f70470,show.finance,resell,72,30,4,"Spaceship, Inc.",04/11/2021 10:29,04/11/2026 10:29
a27f5232-6f34-49c6-ac49-7b3d9ec1976f,show.financial,premium,72,30,4,,,
dbf112ac-752b-457c-b80f-383929855c54,show.fishing,available,72,30,4,,,
6b4e46db-e77a-4419-949f-7c8443c37290,show.fit,premium,72,30,4,,,
3c507d70-461d-4fe3-8fa7-f5b40d037cf7,show.fitness,premium,72,30,4,,,
5028381b-a10b-46c6-ab5a-27854e6c5d42,show.flights,premium,72,30,4,,,
c07897cf-2026-4185-a4f0-2b44bf7fd34b,show.florist,available,72,30,4,,,
e92920b1-663b-48f8-9ccf-4c6641f8e96a,show.flowers,available,72,30,4,,,
2cdf3cd0-90e1-495e-9a59-a3637473344e,show.foo,premium,72,30,4,,,
0edfd9ca-8c67-499c-9a7e-c292727dc775,show.food,premium,72,30,4,,,
01031906-fc32-4a7e-bf3a-5766fba7c90a,show.forsale,premium,72,30,4,,,
3e23fb27-02b1-44ff-8d3d-089d111d9c5c,show.forum,premium,72,30,4,,,
4d3f0bfb-e8a4-4aa6-b41f-ef9782f954c5,show.foundation,premium,72,30,4,,,
fb571381-705b-43c1-8c21-c92cccea2f0b,show.fun,premium,72,30,4,,,
aa92d3c2-b8d9-4c0f-abeb-368abc4b25f3,show.furniture,premium,72,30,4,,,
b6dea73b-9e1d-4819-a10c-6e56f74a88f4,show.futbol,available,72,30,4,,,
38e75721-ee0c-4020-946f-a5878d56d4f1,show.garden,premium,72,30,4,,,
de2d88fa-7766-4e07-ba44-e85c3ad74b6c,show.gay,premium,72,30,4,,,
c1a28c39-4b62-443e-80f7-8761cc5671af,show.gift,resell,72,30,4,"Global Domains International, Inc.",01/01/2021 23:44,01/01/2026 23:44
071c879d-5fe3-42dd-b028-86605ee98fb3,show.gifts,premium,72,30,4,,,
517200be-06be-47b1-9e16-0d5d0c33e20c,show.gives,available,72,30,4,,,
e9461037-f807-4b7c-96f1-59e1b20fa3e0,show.giving,available,72,30,4,,,
79eabca1-8ea1-49ea-a379-95da6bcb40e5,show.glass,premium,72,30,4,,,
3a554ad7-0c0a-475a-85d9-bf370f77f07b,show.global,premium,72,30,4,,,
32ec9426-929e-448c-8766-f47e32702b56,show.gold,resell,72,30,4,"Chengdu West Dimension Digital Technology Co., Ltd.",16/04/2018 08:07,16/04/2026 08:07
70b28218-c87e-4fc2-8f4b-1b0e0c548096,show.golf,premium,72,30,4,,,
bebe7c32-38ae-4ec3-8d3f-580c7f7c77c5,show.graphics,premium,72,30,4,,,
cef95b65-d708-49d7-bf46-632842e5dbe3,show.gratis,available,72,30,4,,,
8f247709-6e2b-4f2d-ad8c-07033dbd6e04,show.gripe,available,72,30,4,,,
7e231f9e-3435-45cb-a811-e04a54945cec,show.group,resell,72,30,4,Alibaba Cloud Computing Ltd. d/b/a HiChina (www.net.cn),08/06/2016 16:00,08/06/2026 16:00
30bfeb4a-7cf6-41ff-8c29-c75f6a7079cb,show.guitars,available,72,30,4,,,
08be6dea-9cad-4144-9516-ccc0ba63ca75,show.guru,resell,72,30,4,"Xiamen ChinaSource Internet Service Co., Ltd",23/07/2025 15:15,23/07/2026 15:15
64676118-7381-4d34-9c5d-7d90d6d0606b,show.hair,premium,72,30,4,,,
e58c61f6-6223-48dd-9b54-443bb70a717e,show.haus,available,72,30,4,,,
83126822-7fe4-46d2-a872-a9e93ccc78ff,show.healthcare,available,72,30,4,,,
5048f4ec-3ae9-4b75-8884-c7fcdc5b38e1,show.help,premium,72,30,4,,,
fd7b15cb-fe12-4173-bcf1-431584f2b233,show.hiphop,premium,72,30,4,,,
a7350d99-460f-4916-b083-2b47cb2f8853,show.hiv,available,72,30,4,,,
fe1b09a6-7310-4154-a1c5-f7be013e9ffa,show.hockey,available,72,30,4,,,
7955c8c5-4cab-4ef5-9cfe-5bddece295d7,show.holdings,available,72,30,4,,,
2cfad177-0974-4294-a8dd-cfc219289d93,show.homes,resell,72,30,4,Dynadot LLC,25/06/2021 17:50,25/06/2026 23:59
59513596-bdb1-411a-afa7-c9a7723f35aa,show.horse,premium,72,30,4,,,
8ab9d389-f576-4029-af38-e55dfdada254,show.hospital,available,72,30,4,,,
46b17643-709a-41cd-9e73-24b77a9ebf40,show.host,premium,72,30,4,,,
50655553-b3dd-4e78-af26-bf97929a41ef,show.hosting,premium,72,30,4,,,
4056a749-5744-4f2b-8a93-b39f7b9bf583,show.hot,premium,72,30,4,,,
83e6f9ab-cb3e-4023-9482-ad904c2aab88,show.house,resell,72,30,4,Porkbun LLC,21/10/2018 13:13,21/10/2025 13:13
a691e3d0-437b-42c6-bffd-0cafa3beb7f1,show.icu,premium,72,30,4,,,
0807b884-336e-45ec-8fcb-51a514cdf67d,show.im,premium,72,30,4,,,
e122a5eb-7eb0-46cf-8e26-401c885b6c64,show.immobilien,available,72,30,4,,,
26c2984f-eced-41f3-a712-d497932ff666,show.inc,premium,72,30,4,,,
3ff19db7-a474-426e-96f0-690014f94151,show.industries,premium,72,30,4,,,
a5386354-5e15-46eb-84ed-ef6d6d2cdaa1,show.ing,premium,72,30,4,,,
e0d0bdf1-744b-4124-97e8-00a1e7f3ca48,show.institute,available,72,30,4,,,
f00dc1a6-9b1c-4cdb-8821-08a9f5af0c6e,show.insure,available,72,30,4,,,
faaa8790-8153-44b8-827b-b752ccf90901,show.international,premium,72,30,4,,,
efd0cb38-e576-4b96-9d12-22b5c44b34e5,show.irish,available,72,30,4,,,
9e3ba40b-ab8b-4aaf-ba24-56c669f44a07,show.jetzt,available,72,30,4,,,
ba664318-42a0-46c2-9b9a-eb5b49ee1137,show.jewelry,available,72,30,4,,,
8f8ebe52-623c-4216-942e-9d7b251a58e7,show.juegos,available,72,30,4,,,
1f9e295d-6c2c-4d8d-97e2-9bbb15ccaebc,show.kaufen,available,72,30,4,,,
487344ff-5684-469b-a0ed-b28c2491c8c2,show.kids,premium,72,30,4,,,
6fa87296-7747-474a-a89b-6e19732bbc61,show.kim,expiring,72,30,4,Alibaba Cloud Computing Ltd. d/b/a HiChina (www.net.cn),11/09/2023 09:18,11/09/2025 09:18
a95c9108-dedb-47f1-bfe7-7553ab0e519f,show.kitchen,premium,72,30,4,,,
65d5e50a-cc35-4e44-900d-0b7fe0f05641,show.lat,premium,72,30,4,,,
fde43a26-3fb4-447f-b417-cff8b725abac,show.law,available,72,30,4,,,
e36776f4-e7be-4641-9d05-0ab240805906,show.lawyer,premium,72,30,4,,,
9e93cf28-c2b0-40d1-963f-6c1e242e82bd,show.lease,premium,72,30,4,,,
872aea32-3abf-4cdb-989c-044d14f7e84f,show.lgbt,premium,72,30,4,,,
32ae6bfe-d112-440e-b8d8-97262085b4c7,show.life,resell,72,30,4,Porkbun LLC,06/10/2016 20:44,06/10/2026 20:44
309c6cd0-59f0-4cbb-82ba-f4e9e348717c,show.lifestyle,premium,72,30,4,,,
17d0267d-30c3-42a0-ad39-e20e862c6146,show.limited,resell,72,30,4,Dynadot Inc,25/02/2025 17:35,25/02/2026 17:35
bf0c4006-c1eb-4362-887b-5499e15c603a,show.limo,available,72,30,4,,,
235faed4-a01d-4cb5-8a67-d1577ec4e009,show.live,resell,72,30,4,"Sav.com, LLC",20/02/2025 01:22,20/02/2026 01:22
46ef2139-fa32-4d96-ae15-e1a99facc212,show.living,premium,72,30,4,,,
aa5e837a-4ec0-4c27-aec2-1fb04040f794,show.llc,premium,72,30,4,,,
25a834f8-5bdd-4bca-9eff-4545fe6135b0,show.loan,premium,72,30,4,,,
3758e277-22e1-4c75-8159-28bbf99323b3,show.loans,available,72,30,4,,,
69c962c5-1670-4a0b-8d52-591499585c46,show.locker,premium,72,30,4,,,
98be3ddf-0f32-4668-a50d-93380089fc4a,show.lol,expired,72,30,4,"Spaceship, Inc.",17/06/2024 16:51,17/06/2025 23:59
f624f2ce-d157-40d4-88ed-d81e780796a4,show.love,premium,72,30,4,,,
6c848b16-ae03-40cd-9102-877b73da6884,show.ltda,premium,72,30,4,,,
cc840ccf-688e-4a71-b09d-a4f4a0ca1ed3,show.luxe,available,72,30,4,,,
dcc8b89a-1738-4745-b56d-de6d8e49848e,show.luxury,premium,72,30,4,,,
34967aac-baf0-44b2-a59d-30ace827d4d0,show.maison,premium,72,30,4,,,
9f72b6c9-5c67-49e6-93eb-dd5297404b07,show.makeup,premium,72,30,4,,,
d6a97d58-b47e-4e4e-ac81-ebb1a044a93f,show.marketing,premium,72,30,4,,,
9cf1d605-a68d-4d9e-b990-5aceaad82f9d,show.mba,resell,72,30,4,"Xiamen ChinaSource Internet Service Co., Ltd",15/02/2022 17:00,15/02/2026 17:00
6838bb05-36a3-4d5e-925c-d6d48d81edfb,show.me,resell,72,30,4,"GoDaddy.com, LLC",29/04/2008 18:02,29/04/2032 18:02
f9c9da46-e57b-4dcf-8594-f096fea78a89,show.media,resell,72,30,4,"Sav.com, LLC",17/06/2015 18:50,17/06/2026 18:50
7df96027-5c7c-4315-a246-2933b618dec2,show.melbourne,premium,72,30,4,,,
fc657291-9c26-443c-ac79-3fb1aad25065,show.meme,premium,72,30,4,,,
f132c16b-e988-4158-ab6f-d524dc2f5bca,show.memorial,available,72,30,4,,,
c606f9f4-3574-4fae-b156-7a96381cafa4,show.men,premium,72,30,4,,,
b583653b-151d-48f5-9ac6-eeda2939f3cf,show.menu,premium,72,30,4,,,
646620b0-5a4e-4909-ab45-e57487ba2437,show.miami,premium,72,30,4,,,
2cb719ea-d97c-4800-92e8-e013b8bea5bf,show.mobi,resell,72,30,4,Dynadot Inc,27/07/2024 15:15,27/07/2026 15:15
f8b48f5a-c718-44c2-ae58-75f530799115,show.moda,premium,72,30,4,,,
c23b20b3-8d11-4095-a582-68dca6977a6b,show.moe,premium,72,30,4,,,
99679d5f-95c9-46c5-819d-648f20ab7032,show.mom,premium,72,30,4,,,
9ef980e9-e6e9-4c00-89a7-78613b1c6d1b,show.monster,expired,72,30,4,"Xiamen ChinaSource Internet Service Co., Ltd",18/07/2024 00:06,18/07/2025 23:59
eecfead9-c943-4119-83e4-91d6c1130e68,show.motorcycles,resell,72,30,4,"Xiamen ChinaSource Internet Service Co., Ltd",03/06/2025 10:45,03/06/2026 23:59
3fcf346f-589f-4dd9-bc7a-97a609184dc1,show.mov,premium,72,30,4,,,
9828b94f-0ac0-4452-8c03-d1e32f25ebc9,show.movie,available,72,30,4,,,
3bf37ac0-7aa1-4dcb-961e-b2c8e8db9e59,show.music,premium,72,30,4,,,
56a34497-af6a-41a2-9026-c80b4c2607d2,show.mx,resell,72,30,4,"AKKY ONLINE SOLUTIONS, S.A. DE C.V.",12/07/2017 00:00,12/07/2026 00:00
517235cc-664e-42f5-923d-57aa74e78707,show.navy,available,72,30,4,,,
cde78f4e-67fe-4db7-8baa-27a60b6830f6,show.network,resell,72,30,4,Dynadot Inc,08/04/2019 18:18,08/04/2026 18:18
f3ac9a5e-36d9-48a1-99f3-527c8cb7afc7,show.ngo,available,72,30,4,,,
cc361117-eb29-43d0-ae43-64034e9061dd,show.ninja,resell,72,30,4,Dynadot Inc,05/10/2024 06:21,05/10/2025 06:21
3d660a2b-e719-43c8-9986-986738fb57a8,show.nyc,premium,72,30,4,,,
69f048a3-39b4-47d1-9dd9-a190cbfaf0c8,show.observer,premium,72,30,4,,,
e1ec167b-c08f-4807-babd-2ecbdf8c7cfa,show.one,premium,72,30,4,,,
0706fb55-7cb3-44c0-99ac-4f1a42406929,show.ong,available,72,30,4,,,
97c5bbe5-fc29-462c-8124-21ae9afc4d6f,show.onl,premium,72,30,4,,,
a8898b55-72c6-43ad-8279-88578d6c8e5b,show.online,premium,72,30,4,,,
cb2425eb-29c3-4668-89ad-086da0d5bef4,show.ooo,available,72,30,4,,,
f0d5be47-5f94-4a33-ae61-4fb3f8e99995,show.organic,available,72,30,4,,,
f69fef6d-1ca4-4a5c-80c0-85fa803a3d0b,show.osaka,premium,72,30,4,,,
2ead586e-c8da-4eb5-a623-d907e05a7979,show.partners,available,72,30,4,,,
edbeed3a-06f2-4488-bf6d-317144bd6c1a,show.parts,premium,72,30,4,,,
64df0177-d233-4a71-a1ee-b259dd261e4b,show.party,premium,72,30,4,,,
d66a3f64-fbcc-4086-8361-3a6d58e6c3e2,show.pet,premium,72,30,4,,,
ed7d3ca2-c954-4361-893f-547aa45957b5,show.phd,premium,72,30,4,,,
fad509d9-9e6a-4d5f-ba8a-1a6071d3c931,show.photo,resell,72,30,4,"NameSilo, LLC",14/12/2018 04:36,14/12/2027 04:36
bfa0936c-5d21-4f4d-a30a-2f7ae73fd59b,show.photography,resell,72,30,4,"Sav.com, LLC",08/05/2021 03:06,08/05/2026 03:06
29969f6f-3a7e-477c-8e3b-2392917bbb0d,show.pics,expiring,72,30,4,"Spaceship, Inc.",12/09/2024 14:19,12/09/2025 23:59
dd3a35b8-c770-4a4e-adf4-2247fa93db76,show.pictures,premium,72,30,4,,,
9cbb5bd2-7deb-48d6-ace6-53a470b76d10,show.pink,resell,72,30,4,"Xiamen ChinaSource Internet Service Co., Ltd",16/08/2025 15:15,16/08/2026 15:15
7fbf234e-1e93-455c-bbab-d166a77da217,show.place,resell,72,30,4,Dynadot Inc,07/12/2017 08:11,07/12/2025 08:11
d32b91c0-160c-4486-8901-033d70f093a6,show.plumbing,available,72,30,4,,,
7e030141-a9d0-4696-b8d4-3bcb1ff0dd4f,show.plus,resell,72,30,4,"Chengdu West Dimension Digital Technology Co., Ltd.",27/07/2015 18:52,27/07/2029 18:52
5032531d-0a03-40ab-95d9-e63f3b92957e,show.poker,premium,72,30,4,,,
1cde8301-d61d-4917-a71d-806909fadf41,show.press,premium,72,30,4,,,
72c6ebcf-f5c1-4ded-a94b-c4469c5ddaa9,show.prof,premium,72,30,4,,,
9820f0c7-a18e-43fb-96f2-0fd1aca844d6,show.promo,premium,72,30,4,,,
84e20977-5215-4a85-ae4e-2646a2568912,show.property,premium,72,30,4,,,
d07e3ab8-2ba1-4df9-9483-76ed696fec7c,show.protection,available,72,30,4,,,
153e8f52-2cfa-4dab-97e2-b925bca74c8c,show.pw,premium,72,30,4,,,
af9fcc6b-d93c-4644-beaa-6c86dc8a2cf9,show.qpon,premium,72,30,4,,,
9ffdd26a-f0a1-4922-8e91-c12da62617b4,show.racing,premium,72,30,4,,,
f5ff05d2-e53f-4ca7-89f0-b1327995e5fb,show.realty,premium,72,30,4,,,
34c83c61-fcb8-4ebd-8e5b-0a9b0e7ebb33,show.red,resell,72,30,4,Automattic Inc.,12/12/2017 10:05,12/12/2025 10:05
7aee72aa-2ed0-4069-9e5b-2963c250788b,show.rehab,available,72,30,4,,,
77a8cb2f-42af-4baf-addb-24b36a491486,show.reise,available,72,30,4,,,
6b80a386-8dd6-4559-8544-d3536013d754,show.rentals,premium,72,30,4,,,
24530163-b3c7-42c2-a949-d5c9c708be6a,show.republican,available,72,30,4,,,
541e7456-b7c7-4c88-bcfa-a94e0042e638,show.rest,premium,72,30,4,,,
5b988832-b61c-4949-8417-37506a7c39d6,show.restaurant,available,72,30,4,,,
0fb0e987-b323-4752-905e-3e61c8e271cb,show.review,premium,72,30,4,,,
80030757-c630-4c0b-9f9d-9aa676a23e48,show.reviews,premium,72,30,4,,,
81859424-0014-4a4b-9fdb-2a47725da685,show.rich,available,72,30,4,,,
cbe449ef-68d1-4c60-aabe-76f458730179,show.rip,resell,72,30,4,"GoDaddy.com, LLC",06/11/2021 19:02,06/11/2026 19:02
4cf7fbd3-5655-4cbb-873f-c22438fb6f3a,show.rocks,resell,72,30,4,Porkbun LLC,21/03/2022 21:53,21/03/2026 21:53
0eec8353-4567-41dd-aa1a-f2537b9775b8,show.rodeo,premium,72,30,4,,,
557431c6-3542-4f8e-b6e3-e336f2f0ae4f,show.rsvp,premium,72,30,4,,,
f17952e6-ca69-48eb-8c4a-f0cf9bfcaf74,show.sale,expiring,72,30,4,"Domain.com - Network Solutions, LLC",16/09/2024 11:49,16/09/2025 11:49
be572cfe-40b0-492a-b090-663f6f6e359a,show.salon,premium,72,30,4,,,
67a459b9-b85f-4fed-8035-1bf1e0b36a5a,show.sarl,available,72,30,4,,,
b7017cf1-5ec6-4e93-91a9-9a868fb10f0e,show.sbs,premium,72,30,4,,,
f4b38803-ffc3-47c7-941a-1809ee5586fc,show.schule,available,72,30,4,,,
afaf0ef7-16cb-4cb7-ab10-dae9c34210aa,show.science,resell,72,30,4,West263 International Limited,03/10/2019 17:16,03/10/2025 17:16
86ad608c-4536-4499-aa51-a9155dc1b27b,show.security,available,72,30,4,,,
aa6c897b-8b60-41eb-ba45-7fe5d880c756,show.services,premium,72,30,4,,,
d63f539f-49af-4219-adf5-a08f9f6bb911,show.sexy,premium,72,30,4,,,
8fcdac4b-f939-4b53-b797-9145615f889b,show.shiksha,available,72,30,4,,,
790ce57c-2e45-4b46-bf15-1672f44160ad,show.shopping,premium,72,30,4,,,
1a5d1898-5e40-478c-803c-5882046f7ad6,show.singles,expiring,72,30,4,Domain Science Kutatási Szolgáltató Korlátolt Felelősségű Társaság,14/09/2024 17:00,14/09/2025 17:00
df3a4b6e-366d-4f96-8683-0cce39e3b882,show.site,premium,72,30,4,,,
f9f40145-44c7-47c3-b0af-e16a29338eff,show.ski,premium,72,30,4,,,
9a9c8f5a-75f9-4ec8-a23f-90f92a697f19,show.skin,premium,72,30,4,,,
f7cb2562-2d56-4de9-be32-abda974a9a1e,show.social,premium,72,30,4,,,
cfddafec-2604-48c5-8e25-980ce6905246,show.solar,premium,72,30,4,,,
775fd57a-db81-496e-81f0-89c4877d0161,show.soy,premium,72,30,4,,,
39787f90-2eea-4378-ada7-c8b582f393af,show.space,premium,72,30,4,,,
d809f1a1-04dc-4945-aee8-08636b001989,show.spot,premium,72,30,4,,,
6b8398c4-3f76-47f8-b471-24deeb41b565,show.srl,available,72,30,4,,,
1f8d81fb-d819-4e10-8bc2-fcc207193ccd,show.storage,available,72,30,4,,,
dfab61fe-3524-475a-a20f-3be7167816b3,show.store,premium,72,30,4,,,
a52d42c3-f649-4fec-8e8e-eb92f8defbb5,show.stream,premium,72,30,4,,,
ea76e800-d710-44cd-9034-89c5661c1130,show.studio,premium,72,30,4,,,
4264c204-738f-426a-bc41-c30be912a476,show.study,premium,72,30,4,,,
0dd10717-a60c-4cf4-86f1-96bce2c87b49,show.style,resell,72,30,4,1API GmbH,17/05/2015 16:00,17/05/2026 16:00
9fdd7374-88ef-4999-9450-45ae73d2c212,show.sucks,premium,72,30,4,,,
8cf0cb7c-0d43-4675-a89b-b51501bc7ea3,show.supplies,premium,72,30,4,,,
5ef7173e-5338-4a4a-8d09-c577ee837457,show.support,premium,72,30,4,,,
7c217588-0aab-4143-a861-650434044d7b,show.surf,premium,72,30,4,,,
64bce639-5808-4ac2-8beb-e385c4f88bcc,show.surgery,premium,72,30,4,,,
fd4bd7f4-7554-4ccc-a2b9-452ddee83c4b,show.sydney,premium,72,30,4,,,
d7d74790-a6ea-4df9-a12d-59869eae235e,show.tech,premium,72,30,4,,,
23a7ab9a-8da4-43d4-94b3-7a2fb7d8109b,show.technology,resell,72,30,4,"Spaceship, Inc.",05/07/2020 00:59,05/07/2026 00:59
08c2fa16-4261-4dce-baf4-0938c4b6b0cb,show.tel,resell,72,30,4,Dynadot Inc,04/06/2022 10:08,04/06/2026 10:08
96616b45-4774-4069-a567-5503651dfab4,entertainment.cloud,resell,56,88,13,Tucows Domains Inc.,12/02/2020 14:39,13/02/2026 14:10
c2269b42-d2e1-42dc-964e-47fad44ebded,entertainment.dev,premium,56,88,13,,,
7e5d80ca-3ace-4302-ae7f-dd3d7999c3e9,entertainment.expert,expiring,56,88,13,"Go France Domains, LLC",12/07/2015 16:00,12/07/2025 16:00
700deec1-e393-4ea8-bc33-bdf7029a4554,entertainment.gg,resell,56,88,13,Enrapture Limited (https://enrapture.gg),,
04ccf441-53b3-4249-aba2-1374cd63a755,entertainment.io,resell,56,88,13,Dynadot15 LLC,29/05/2020 14:30,29/05/2026 14:30
c7f955b3-f997-4eb5-bf22-e3df199d995b,entertainment.it,expired,56,88,13,,22/12/1999 00:00,29/06/2025 00:00
c83434f3-6a29-4707-96e2-6b4930e1a515,entertainment.net,resell,56,88,13,Internet Domain Service BS Corp,02/02/1995 05:00,03/02/2026 05:00
c4fee9a7-8bc5-416c-816c-3f4e5f00b34f,entertainment.ninja,premium,56,88,13,,,
d4817536-9973-40fb-a445-0d1e340a8fd4,entertainment.online,premium,56,88,13,,,
a3f99c0f-cfa3-4355-a7e4-f9ab96dcffad,entertainment.site,premium,56,88,13,,,
69dfa671-a8c8-4d09-a823-649a11654b95,entertainment.space,premium,56,88,13,,,
3adde380-fef1-4257-b61f-2ebf73a62ea9,entertainment.store,premium,56,88,13,,,
101a3db0-fdc6-4229-bd5f-e5e625130dfc,entertainment.tech,premium,56,88,13,,,
547ec663-f87a-4189-839e-5cae0d93151c,entertainment.xyz,resell,56,88,13,"Go Australia Domains, LLC",02/06/2014 16:00,02/06/2026 23:59
c9eb6bc7-a369-456b-a177-4d61f8229476,entertainment.zone,premium,56,88,13,,,
12f72703-06e2-4f4c-aaf7-56f1717d1355,comedy.app,resell,76,80,6,Squarespace Domains II LLC.,05/05/2018 16:00,05/05/2026 16:00
e70f6c36-32e3-4fde-b2d2-06106828b141,comedy.at,available,76,80,6,,,
8bbd2686-72ba-43bb-9d77-f01fd431867f,comedy.cloud,premium,76,80,6,,,
4c2206fc-1e76-4036-8e68-73e23c21dbe3,comedy.dev,premium,76,80,6,,,
a37adb59-7ee7-4de8-82ad-155eb5af5805,comedy.io,resell,76,80,6,Dynadot13 LLC,27/11/2018 10:21,27/11/2025 10:21
658ffb7f-5bd3-40a3-8017-5fd0b3febc24,comedy.me,expiring,76,80,6,Dynadot Inc,09/07/2008 17:02,09/07/2025 17:02
66f909c1-2b8a-490f-a9ac-b89d5076cee1,comedy.ninja,premium,76,80,6,,,
11783ccb-97e2-4538-8e0d-d22df2321ad4,comedy.online,premium,76,80,6,,,
296edf27-3478-4784-9819-acfa4d420873,comedy.site,premium,76,80,6,,,
f5d0ed1c-67ea-434c-81d3-1fa0a7aa85d4,comedy.so,available,76,80,6,,,
883c78ad-f518-487d-85f7-95dae03b61ee,comedy.space,premium,76,80,6,,,
67c9c423-3bf1-4345-adc1-bba5d7082c0d,comedy.store,premium,76,80,6,,,
dc50e077-9e6d-4811-8059-6049bbafcee4,comedy.tech,premium,76,80,6,,,
48e429ad-2ebf-450b-818e-14cf7955a651,comedy.us,expiring,76,80,6,GoDaddy Online Services Cayman Islands Ltd.,11/07/2013 18:02,10/07/2025 23:59
1ef2c701-2d19-4ba5-be3f-63b152c732ed,comedy.xyz,resell,76,80,6,Dynadot LLC,01/11/2019 05:18,01/11/2029 23:59
0e5ee164-4420-4085-975e-00d87cc944ab,event.cloud,premium,96,88,5,,,
176b6e56-d815-49fd-bcb7-dbd75b427ff2,event.expert,expiring,96,88,5,Hosting Concepts B.V. d/b/a Registrar.eu,31/07/2015 09:28,31/07/2025 09:28
3b5f24ac-1fdd-4fd1-8337-5ff16145d6e6,event.it,expiring,96,88,5,,18/09/2011 12:29,12/07/2025 00:00
7d978705-6beb-409d-ae8a-365c8a6f8e97,event.online,premium,96,88,5,,,
e4fa311b-d550-45ab-a334-bacd615e6c46,event.pro,resell,96,88,5,Porkbun LLC,04/07/2007 00:00,04/07/2026 00:00
c4ac4fb6-1b66-4fb4-8421-6018eb5f8ca1,event.site,premium,96,88,5,,,
2d8b2f1d-a08a-462f-8cbe-911f696e6c8f,event.so,sold,96,88,5,Whois Corp.,12/07/2017 00:00,12/07/2026 00:00
c086edec-9ce9-4229-9e74-0002c1e2a7d8,event.store,premium,96,88,5,,,
149d9d09-6db1-417d-b509-7db7b32b2948,event.us,resell,96,88,5,"Name.com, Inc.",24/04/2002 14:02,23/04/2026 23:59
9e02abee-7d4b-46bf-921d-110bc49f5887,concert.at,available,106,84,7,,,
c6676454-5199-4ad5-b394-b5dc3df2bbfd,concert.cloud,premium,106,84,7,,,
225bc33d-4237-42b5-89cf-0ae2ba9ecb4e,concert.me,sold,106,84,7,Dynadot Inc,29/04/2008 17:59,29/04/2026 17:59
6609be38-b143-45a7-8290-9a6338ed2931,concert.ninja,premium,106,84,7,,,
e27aa26f-95a0-4774-bfc1-a6746bd12c7b,concert.online,premium,106,84,7,,,
af15b62f-8f34-46e3-935c-1f83e0cb29e5,concert.site,premium,106,84,7,,,
c1e68ac4-b469-45e2-8498-c553b9ec93f7,concert.so,resell,106,84,7,Dynadot LLC,10/06/2021 12:47,10/06/2026 12:47
a3e809cd-583a-4701-a92c-f834f72c3faf,concert.space,premium,106,84,7,,,
130ebdb0-7b4e-4a12-8804-220083f7a176,concert.store,premium,106,84,7,,,
f9dd2ee9-5f0e-4cd2-8465-62bdfae4c4f4,concert.us,resell,106,84,7,"Name.com, Inc.",24/04/2002 14:01,23/04/2026 23:59
c29fb79c-359c-425d-baec-fe3d1ef56aba,theater.app,expired,72,88,7,Squarespace Domains II LLC.,05/05/2018 16:02,05/05/2025 16:02
3da519ee-7028-4c61-baa0-7155cae4f1ab,theater.dev,premium,72,88,7,,,
7ef8651f-17ea-4b42-ab14-9b7b4d1fad11,theater.expert,premium,72,88,7,,,
5ce56076-a731-4f7a-8322-d67da04b02f8,theater.gg,available,72,88,7,,,
053a3020-0534-4e87-a822-c85e5be3734a,theater.io,resell,72,88,7,Dynadot Inc,23/07/2014 12:30,23/07/2026 12:30
3f2f36a1-faa7-4e46-b5e3-8c37743b3875,theater.ninja,available,72,88,7,,,
e1ffb5b1-37f9-4c49-8ec1-9dd64ca2cfa3,theater.online,premium,72,88,7,,,
2da5fdf8-ec2d-4076-8135-9eae06957482,theater.pro,resell,72,88,7,"GKG.NET, INC.",25/01/2021 14:31,25/01/2026 14:31
f741bb90-c936-4622-97b9-b6292ecb2c02,theater.site,premium,72,88,7,,,
67584418-9579-4183-83eb-dbb22c358184,theater.so,resell,72,88,7,NameCheap,29/06/2022 03:34,29/06/2026 03:34
7f0a708c-4139-4c92-a401-61b05035b22f,theater.space,premium,72,88,7,,,
b1831f16-55eb-495e-b7d8-c66b4119c463,theater.store,premium,72,88,7,,,
de9a238a-ab93-4dde-bda0-91f1107ca34c,theater.tech,premium,72,88,7,,,
7c2c256c-6f7e-450f-b213-a0319502d815,theater.zone,premium,72,88,7,,,
02af1f5a-4904-4575-8cfd-0efc5e990e51,movie.app,expiring,86,96,5,Nom-IQ Limited dba Com Laude,17/07/2021 05:16,17/07/2025 05:16
b634a70c-d6d0-4441-92e2-7b3fa938a3fb,movie.cloud,premium,86,96,5,,,
54715e5a-9bd0-44ba-a487-55c3c982af16,movie.dev,premium,86,96,5,,,
baadb3b2-f2d8-49cf-be4f-5d397ad01818,movie.expert,premium,86,96,5,,,
c973f390-415a-4c09-bd77-64aa54dfdc29,movie.net,resell,86,96,5,"CSC Corporate Domains, Inc.",10/10/1994 04:00,09/10/2025 04:00
7d00a40f-1a39-4e8c-b902-f39e31e32944,movie.online,premium,86,96,5,,,
171f7c42-795e-4413-87c2-b9f3b208cd84,movie.site,premium,86,96,5,,,
d222f17a-beb5-47b2-bdee-8efe327316d4,movie.so,sold,86,96,5,Dynadot LLC,06/07/2024 23:46,06/07/2026 23:46
3055119e-0868-4b1d-bb4e-42351c993015,movie.space,premium,86,96,5,,,
814920c0-65e4-43de-a232-5110d6b7f5e3,movie.store,premium,86,96,5,,,
1b9c6029-5cef-41c8-8be2-d7cbe8efd12b,movie.tech,premium,86,96,5,,,
1f408b44-c875-4daa-8ab9-1e06ec5f4903,play.at,sold,104,92,4,"cix.at - Internet services, Manfred Jambor ( https://nic.at/registrar/342 )",,
72ce04e6-ffd8-4b8d-bee9-f22c1e0cbe38,play.expert,premium,104,92,4,,,
0f82029c-3b24-45d6-920d-ff6dff1bb6d2,play.me,resell,104,92,4,"NameCheap, Inc.",29/04/2008 18:02,29/04/2026 18:02
53769c05-fe1a-4f45-b576-4a3ae9028ce2,play.ninja,premium,104,92,4,,,
69c457ac-faf3-4a88-929c-7c874f90aa8f,play.online,resell,104,92,4,Dotserve Inc,02/04/2019 13:56,02/04/2029 23:59
16760ee0-8e2d-46b5-8b25-bb0e151bc11b,play.pro,resell,104,92,4,Porkbun LLC,12/04/2008 00:00,12/04/2026 00:00
89aad191-1886-4ed7-af7d-5634035d2caf,play.site,premium,104,92,4,,,
ef2d342f-b479-4244-80e5-132bd89906d7,play.store,resell,104,92,4,Dotserve Inc,23/12/2016 11:19,23/12/2029 23:59
81852922-ac3a-4b49-a16e-7e9785d2e705,play.tech,premium,104,92,4,,,
e7c507ec-e712-4e83-a3a9-9c49cc4651e1,musical.ac,available,98,20,7,,,
9a1fed6f-d068-4a6e-a1a6-3d118025ac4d,musical.accountant,premium,98,20,7,,,
0dadbbb6-3641-4c87-81ab-703cab013715,musical.accountants,available,98,20,7,,,
0c852fb5-3354-4248-bdf7-7a74eedcc81b,musical.actor,premium,98,20,7,,,
8a53a8ab-79a6-4b72-a45c-00274d22f66d,musical.adult,available,98,20,7,,,
1e16e52b-9eaa-48b6-80fc-7112877d5c3a,musical.agency,resell,98,20,7,"GoDaddy.com, LLC",16/06/2025 17:02,16/06/2026 17:02
91d580ca-d249-4f6e-a814-6ba901aab2fb,musical.ai,resell,98,20,7,Deep Vision Architects,16/12/2017 04:07,30/09/2026 04:07
66958bb2-2da0-47cd-8454-f74049d99d2e,musical.airforce,available,98,20,7,,,
c76a9e79-7754-4837-902a-61808c17facf,musical.apartments,available,98,20,7,,,
f1e6fcbc-d4e5-4c91-b583-c2c65cce934f,musical.app,resell,98,20,7,united-domains AG,05/05/2018 16:07,05/05/2026 16:07
62875507-5a12-464a-a8ea-8e05372afa69,musical.army,available,98,20,7,,,
e99cb04b-cbd4-495b-8724-c9ded567d153,musical.asia,resell,98,20,7,1API GmbH,08/08/2008 05:01,08/08/2026 05:01
bb1f72b8-431e-4978-854a-cb02c26794a6,musical.associates,available,98,20,7,,,
d1395df4-54b7-47f0-addf-e0aff8269355,musical.attorney,available,98,20,7,,,
4e88fb1b-18bd-4b2c-9dd1-f292ca13ec6c,musical.auction,available,98,20,7,,,
5087a1c2-a2c6-40b2-911b-fbc3d3c7f1af,musical.audio,available,98,20,7,,,
bd2a2a07-4d1a-439f-b653-5c58e98d5bbb,musical.baby,available,98,20,7,,,
afc13db2-ce1e-4aa1-bffe-b6d26adc5e32,musical.band,premium,98,20,7,,,
65c8e374-a2d0-4e87-97bd-747256caf1dc,musical.bargains,available,98,20,7,,,
6357089e-e785-47a4-904b-48a94f72f980,musical.bayern,premium,98,20,7,,,
0c15100c-5efe-4418-b690-b68f24966fd3,musical.beauty,available,98,20,7,,,
48e59d43-5129-4e0c-872e-2dc01df02521,musical.beer,available,98,20,7,,,
08e9a232-8044-4da2-966d-b4cc6fce69b8,musical.bid,premium,98,20,7,,,
6f5b7322-145d-4646-a240-be020f01d097,musical.bike,available,98,20,7,,,
080b9bad-4176-4664-9e63-cb80db2bd613,musical.bingo,available,98,20,7,,,
7f4bda05-83eb-4154-8ec6-13289da6a332,musical.bio,premium,98,20,7,,,
738665e4-759b-44ba-a156-9d665376b0d6,musical.black,available,98,20,7,,,
391ea2b9-7d2c-4aa9-8c2d-501810f85bf7,musical.blackfriday,available,98,20,7,,,
7771a0da-80ae-4766-920a-5bdd2127e115,musical.blog,premium,98,20,7,,,
080cdcf0-af3c-48da-bd74-44a3633f46a3,musical.blue,available,98,20,7,,,
fd63c8e2-6dfa-4f55-bef6-5055ba89d566,musical.boats,available,98,20,7,,,
dbc84237-8350-4e3e-acba-6a617474bc71,musical.boo,premium,98,20,7,,,
7e24d8c8-4d6e-408e-8c09-85679d9b18bf,musical.boston,premium,98,20,7,,,
bd975c7e-d77e-4387-8904-4811c1115f77,musical.boutique,available,98,20,7,,,
6ab2334e-5a09-45ec-aa15-75872f9db600,musical.build,premium,98,20,7,,,
8338b740-826a-4222-865e-07aa52f2985a,musical.builders,available,98,20,7,,,
4f38c751-cd6a-43a3-ba45-ca1794daafbd,musical.business,premium,98,20,7,,,
e84e7737-9309-4e45-898d-2748526d0f9d,musical.buzz,premium,98,20,7,,,
c3d742a6-a1a2-408c-b0ad-596bc8e68232,musical.bz,available,98,20,7,,,
24743bfd-234c-4d4b-b6ae-ffbb7e08b5ae,musical.ca,resell,98,20,7,Namespro Solutions Inc.,12/02/2014 20:44,12/02/2026 20:44
c84faf26-76f6-42c7-add4-151d3aa47f16,musical.cab,available,98,20,7,,,
7476c11e-2503-481d-873c-cbf621dd69f4,musical.cafe,available,98,20,7,,,
847a3103-c619-4ff8-80c9-5316d6d5ac3d,musical.cam,premium,98,20,7,,,
bbdf4db3-3daa-4b99-8d0a-4fa51d409a5e,musical.camera,available,98,20,7,,,
4cb32f8b-dbb1-41d5-af22-fa354f644a4d,musical.capital,available,98,20,7,,,
28d89a8b-9ae5-4eee-8c2e-edf50d7cafd5,musical.care,available,98,20,7,,,
09b12887-1c65-43b8-9e77-64c129c12880,musical.careers,available,98,20,7,,,
2e185fcd-dc6e-4fff-9c09-36eabbb05e2f,musical.cars,available,98,20,7,,,
8f8304ba-8c43-4025-b195-6666c34c9fd8,musical.casa,premium,98,20,7,,,
da77e1f0-494e-466d-aa3d-996e97ca1cd6,musical.cash,available,98,20,7,,,
5d1615e2-428c-45db-ab7c-9ad1179470a5,musical.casino,available,98,20,7,,,
0d01b77e-42f6-4c63-84c4-cc0efbf9a673,musical.catering,available,98,20,7,,,
d77a1fb9-e125-4a8b-a324-165418408c05,musical.center,resell,98,20,7,"DNSPod, Inc.",23/05/2018 15:01,23/05/2026 15:01
03ccede5-baa9-455f-b19b-9686cb5652ac,musical.ceo,premium,98,20,7,,,
81115437-b16c-42a6-8a10-456477ece51a,musical.cfd,premium,98,20,7,,,
4842fd96-4f04-4dfa-b86b-21be3bcd43e1,musical.charity,available,98,20,7,,,
75109414-8610-4cff-890f-c41aa98a9332,musical.chat,resell,98,20,7,"Chengdu West Dimension Digital Technology Co., Ltd.",04/11/2024 21:46,04/11/2025 21:46
ebc71f7c-990b-429b-8d27-7f1c1f1ccd0e,musical.cheap,available,98,20,7,,,
118739dd-d619-4de9-bd8b-0fb5e3868dd4,musical.christmas,available,98,20,7,,,
3ac320f6-8261-478c-87e5-f8f079ac0117,musical.city,available,98,20,7,,,
aa8cbe0f-0faf-49b8-b61b-23ab162bf27b,musical.claims,available,98,20,7,,,
d813a51b-3e2e-4a67-805c-bd5fdfad1708,musical.cleaning,available,98,20,7,,,
24aa69c0-e054-412b-9884-569c9fff6b10,musical.clinic,available,98,20,7,,,
96e670f0-c02d-468a-a9d4-89fe51f101d8,musical.clothing,available,98,20,7,,,
c6e0b20c-78e8-4cd4-8c2b-ab7df4a1ba5f,musical.cloud,premium,98,20,7,,,
50af4150-6c10-4843-be89-b5780863f39c,musical.club,premium,98,20,7,,,
ee54c2ad-1602-4cf7-9de5-b271a60c94bb,musical.coach,available,98,20,7,,,
ef819ea6-afa7-484b-a67e-4a21fbd85690,musical.codes,available,98,20,7,,,
cc06513d-6b2b-4526-815b-7bc202d3dcba,musical.coffee,available,98,20,7,,,
df89f60b-d1bd-4a87-a892-694b0dabae6f,musical.college,expired,98,20,7,"Spaceship, Inc.",24/06/2024 22:26,24/06/2025 23:59
64d7eb07-f352-426c-9120-97ed736bbcc3,musical.community,available,98,20,7,,,
d969291f-2036-43eb-b934-a022298337b3,musical.computer,available,98,20,7,,,
d68a0e6c-80a6-41ce-9c8c-4e6df547bf37,musical.condos,available,98,20,7,,,
027f2865-8fa5-4f40-8738-8cd8f2fa58f8,musical.construction,available,98,20,7,,,
75f923b4-5936-4f56-aab3-7c3cde0ee9c5,musical.consulting,available,98,20,7,,,
3cbf67e6-b44a-4325-904c-3b70e5c5d7ca,musical.contact,available,98,20,7,,,
961f980b-730e-4643-bd12-dcbae6e5382e,musical.contractors,available,98,20,7,,,
109e9f77-77f8-4ce0-9f07-948028bf8a9d,musical.cooking,available,98,20,7,,,
204af72d-adf1-4f71-8d5d-18c8a69c81b2,musical.cool,available,98,20,7,,,
1ed0b124-a8f1-45a7-a9d2-80994f8bf2de,musical.country,available,98,20,7,,,
f41f1efb-0bce-44d0-b531-3f6f958be406,musical.coupons,available,98,20,7,,,
d0f602c0-20d2-4e7d-a44b-2f51ce3fe127,musical.courses,available,98,20,7,,,
85eb54df-7874-4e10-8a0d-d6c41bfc54e2,musical.credit,available,98,20,7,,,
574c33a5-df87-4d76-a75b-09b2583d74f6,musical.creditcard,available,98,20,7,,,
00917003-71f2-4834-8055-1300cfadb689,musical.cricket,premium,98,20,7,,,
02aa3927-ca3a-4072-a608-64a1ddbf240c,musical.cruises,available,98,20,7,,,
dffb1ead-b1ba-4c6e-afd0-bdcae9db5743,musical.cv,premium,98,20,7,,,
87641b5b-80b0-47ef-9889-28bf41a610c5,musical.cx,available,98,20,7,,,
f9f4efc7-8543-45ac-b73a-318bff37c931,musical.cyou,premium,98,20,7,,,
63a30c87-8dd4-4075-b874-1cfb8dae9ed1,musical.dad,premium,98,20,7,,,
dff4e0b0-a170-4f5a-8c7b-198b4648bab8,musical.dance,premium,98,20,7,,,
ac75b698-364a-4bb0-8186-3a7291311488,musical.date,premium,98,20,7,,,
e1234411-44c3-4a54-afd9-f49bfc1bc7ea,musical.dating,available,98,20,7,,,
6dcba025-0fc8-4bc9-8711-4716cc32874d,musical.day,premium,98,20,7,,,
97412e95-786a-4b16-9626-5911a9a4cb0a,musical.dealer,premium,98,20,7,,,
6105cab8-faa0-4a52-8012-d74358bbe742,musical.degree,available,98,20,7,,,
844420ba-ac85-4492-be52-21713a6e63ed,musical.delivery,available,98,20,7,,,
840b49e8-dd67-4c2e-b96a-9ea6afd5d671,musical.democrat,available,98,20,7,,,
f6874ffc-e231-4fa1-8046-cbdf6773666c,musical.dental,available,98,20,7,,,
39956ed5-d8ed-4f26-8b15-3079882c794a,musical.dentist,available,98,20,7,,,
3c05bde5-0282-443a-b1e3-22c57af1a4f0,musical.diamonds,available,98,20,7,,,
52b57411-2b61-47a6-848a-b911c0b90350,musical.diet,available,98,20,7,,,
b194f17c-42b2-4e35-abdc-685fdf7d500b,musical.direct,available,98,20,7,,,
4890b33c-adbc-44cb-b649-a93be832bf76,musical.directory,available,98,20,7,,,
0996723e-0d99-4385-901f-9886a528e4bf,musical.discount,available,98,20,7,,,
12a09b51-1615-4567-b5b3-140f87813c2b,musical.doctor,premium,98,20,7,,,
25e1f950-e35b-4c1a-9273-599332c8f21d,musical.dog,available,98,20,7,,,
5d8bbf09-3355-4d23-9ab4-5f93bc2edb84,musical.download,available,98,20,7,,,
2061d812-a573-4c96-9026-2e7366821e1c,musical.earth,available,98,20,7,,,
41f30146-530d-418b-a648-bcde46e33943,musical.education,available,98,20,7,,,
54d0dc31-c367-44f5-83b7-9b14147e16b5,musical.energy,available,98,20,7,,,
5b5db148-c860-44fc-8b63-624dfc520d4b,musical.engineer,available,98,20,7,,,
c028e55a-8b6b-4530-95c4-1fc07ea91892,musical.enterprises,available,98,20,7,,,
3ae7f3da-d1b7-4c18-b0ab-831eff139a9d,musical.equipment,premium,98,20,7,,,
f667d896-0763-4261-b634-b7528c50d04b,musical.esq,premium,98,20,7,,,
5109cf32-af88-43c6-a27e-82f60ef818e8,musical.estate,available,98,20,7,,,
f52d871b-ced8-4dbe-aecc-f0537bb52411,musical.events,premium,98,20,7,,,
a620deb6-294e-4218-81b2-08baf8f7a6dd,musical.exchange,available,98,20,7,,,
e47b976d-b0bb-4be0-9319-b93f083735b9,musical.exposed,available,98,20,7,,,
4bc210bf-13c1-4b2b-b2e0-73121c5c4c68,musical.express,resell,98,20,7,"Sav.com, LLC",18/07/2024 17:01,18/07/2026 17:01
5120a481-2bc6-4ddb-8044-58ffec82fa47,musical.fail,available,98,20,7,,,
ef18aa6d-de2f-44fc-8870-c335ac4584e8,musical.faith,premium,98,20,7,,,
f46ee440-6a80-4109-b0d7-150f217b7346,musical.family,premium,98,20,7,,,
f73ad15b-6bef-4059-bea9-df13610ffc28,musical.fans,premium,98,20,7,,,
adceddf4-66ff-4708-8ff4-b1c80c1e034c,musical.farm,available,98,20,7,,,
d6b4b1c3-0e94-42c4-8e04-0f09da77b877,musical.fashion,available,98,20,7,,,
dc625449-2348-4370-a212-d198f7630654,musical.film,premium,98,20,7,,,
f03d4096-9d5e-4f05-9210-cea4de57f828,musical.finance,available,98,20,7,,,
fc6a1282-b64b-450b-b135-9cb9cc4f31a4,musical.financial,available,98,20,7,,,
4a3f7651-535d-4ed7-a765-808b4305f235,musical.fish,available,98,20,7,,,
86fdc56b-391b-4b82-b0ce-4007506b4854,musical.fishing,available,98,20,7,,,
ad97c07e-0ec5-4fa4-80b2-1fd79101437d,musical.fit,available,98,20,7,,,
8308e8c2-ccc0-4077-8a72-1f1d0072ee66,musical.fitness,available,98,20,7,,,
d4da81db-72f0-449b-b7df-118e922982cf,musical.flights,available,98,20,7,,,
97a91b77-d2d8-40e0-a092-0611c41be443,musical.florist,available,98,20,7,,,
160ce9a3-6b69-4605-9842-3fbcc55790e2,musical.flowers,available,98,20,7,,,
68bb97c2-946c-4772-9658-5ac669c1dd33,musical.foo,premium,98,20,7,,,
2e90d2bb-92a2-409f-84fe-5188ab6eed51,musical.food,available,98,20,7,,,
d84cf65c-6b2c-4970-9255-e19fb8b9f69f,musical.football,available,98,20,7,,,
c844eb1c-f9a0-4098-b68f-8c9b5ecfae25,musical.forsale,premium,98,20,7,,,
1d1fdcbb-663e-455f-96ec-3efe640c76dd,musical.forum,available,98,20,7,,,
5cbdd12e-b179-449d-a7e3-1c436486b76e,musical.fun,premium,98,20,7,,,
23199565-7482-49b5-92e2-cc5c49599d82,musical.fund,available,98,20,7,,,
f90fe238-0a64-4519-bb52-2c6383999564,musical.furniture,available,98,20,7,,,
58ccdd8c-d5f0-4fc9-99fd-59ae0bd8b386,musical.futbol,available,98,20,7,,,
9c0196db-d2e4-4e2a-9bcc-5ae5fda0fac9,musical.fyi,premium,98,20,7,,,
0185819e-4c38-4512-b2f5-7231635f03ae,musical.gallery,premium,98,20,7,,,
39e80d2a-370d-4852-8cae-921ee73c95b4,musical.game,available,98,20,7,,,
2e0d5814-8e7d-42c5-a40d-d449a298fd1f,musical.games,premium,98,20,7,,,
200691ad-2dc4-4665-b101-2e5fb7ab2847,musical.gay,premium,98,20,7,,,
9849644c-95a3-475f-bfdd-e3d321966889,musical.gg,available,98,20,7,,,
20f2711b-0c43-44b5-941a-072f975e638c,musical.gift,premium,98,20,7,,,
dfbfa004-73c1-426b-852a-52b65fc3904d,musical.gifts,expired,98,20,7,"GoDaddy.com, LLC",19/06/2024 05:23,19/06/2025 05:23
698f3615-a2c6-45ee-957b-eb943ae0d2bf,musical.gives,available,98,20,7,,,
df01dc1c-fbcb-440b-bb89-0f76409d2af8,musical.giving,available,98,20,7,,,
7e399606-f65d-40f6-a7b0-20c3f9a8a5b2,musical.glass,available,98,20,7,,,
f6b5efd0-5e6e-4451-96cb-fea7188848c1,musical.global,available,98,20,7,,,
e2e1465a-7757-4aa3-9e51-fc955f1433cf,musical.gmbh,available,98,20,7,,,
0175c056-afb0-4f9d-8886-7af6e6489e16,musical.gold,available,98,20,7,,,
8a1c3d8f-3d16-4fd1-901e-810c60d1d7a0,musical.golf,available,98,20,7,,,
a35cfbcc-a4e2-4db8-9e35-e262be6ee47e,musical.graphics,available,98,20,7,,,
dcbfdb62-0992-4ebd-9ed3-f34ae202ab48,musical.gratis,available,98,20,7,,,
281b93ae-c14d-4a66-841f-36430277cd8b,musical.gripe,available,98,20,7,,,
b08126f9-e511-4477-9fe0-318631e1bfa5,musical.guide,available,98,20,7,,,
94d54fd7-b852-4677-a8fb-e930f99fc28f,musical.guitars,available,98,20,7,,,
7728d41b-e431-43cb-bdfc-39db058d598a,musical.guru,available,98,20,7,,,
9baf268a-7e01-4d3c-beed-208f677b9986,musical.haus,available,98,20,7,,,
cf1b3b0f-f4f8-4965-a490-01059a37fe04,musical.health,available,98,20,7,,,
6091bdd3-c411-485b-82e0-0771ae990739,musical.healthcare,available,98,20,7,,,
abb0ae27-0bf6-443d-ac5c-0f44d8500c47,musical.help,available,98,20,7,,,
c5d429f1-1b9b-4637-9b0a-66fff0f3b49e,musical.hiv,available,98,20,7,,,
b93c06a7-3e28-4dc5-b8c2-14dab757865c,musical.hockey,available,98,20,7,,,
baa6270a-fdd4-4018-b1e7-5817a4d6bfcf,musical.holdings,available,98,20,7,,,
ff51b473-c132-4a52-aff5-c248c2bd8211,musical.holiday,available,98,20,7,,,
1b9cea90-4366-4486-bbd8-aa367f98aca2,musical.homes,available,98,20,7,,,
ad3184d6-fa5e-4ce1-94d1-255a14136a5b,musical.horse,available,98,20,7,,,
b78e1d39-dc94-48c3-9cdb-8863bc03cf12,musical.hospital,available,98,20,7,,,
00d55190-ca25-49b5-a23d-22c451a423bf,musical.hosting,available,98,20,7,,,
c35c7046-d41c-4f9e-ac87-d0b93543bf70,musical.hot,premium,98,20,7,,,
8d0fc3ee-686e-4ed0-8019-c665f9864c45,musical.house,available,98,20,7,,,
278a2879-2084-47af-9f1d-54ee78c537a1,musical.how,premium,98,20,7,,,
92f897d9-2921-42c6-8373-762617bd4a24,musical.icu,premium,98,20,7,,,
5647b159-74e6-4a36-b98e-fd3d136d7990,musical.im,premium,98,20,7,,,
2a2cd8f4-f260-4b73-9c06-cb5823bebeb4,musical.immo,available,98,20,7,,,
1f972281-a0e0-4fbe-9af8-deff5a168609,musical.immobilien,available,98,20,7,,,
db813b3b-b5b2-4fe9-afcc-9bbe4cdce7a4,musical.inc,premium,98,20,7,,,
640a42a8-24e3-4039-9ee0-98fb04d5520d,musical.industries,available,98,20,7,,,
cd4d82d2-f079-42e5-8d63-9064f9166596,musical.ing,premium,98,20,7,,,
a8f1df46-129a-4f30-88d2-6a14a891ea85,musical.institute,available,98,20,7,,,
d5a7276d-2bf0-4765-9d9b-3b0536613293,musical.insure,available,98,20,7,,,
74c7f85d-adda-4df8-b07b-c1d307b54f1e,musical.international,available,98,20,7,,,
4905bace-2b4c-46b0-bfb7-d4ffb46549b9,musical.investments,available,98,20,7,,,
c2646227-8467-4fa7-9129-19c20d9f80de,musical.io,expiring,98,20,7,Dynadot13 LLC,18/09/2019 10:14,18/09/2025 10:14
d1cdfb15-95c9-4c93-8a16-7f73e391cacd,musical.irish,premium,98,20,7,,,
cfe3fe08-b2b2-4c3b-9e8a-cf51e93156e3,musical.jetzt,available,98,20,7,,,
000ae3d7-382e-4b24-ac9a-fcd100834c6a,musical.jewelry,available,98,20,7,,,
f38cc004-fa0e-4f6e-ba41-523271d48efa,musical.juegos,available,98,20,7,,,
9f6a10cd-5911-4828-9fbb-7ce69487d818,musical.kids,premium,98,20,7,,,
7b60c958-27a8-4ffa-b660-1d68f1a4b50d,musical.kim,available,98,20,7,,,
8b806716-1aed-4b45-a7f0-fadcba3f047b,musical.kitchen,available,98,20,7,,,
8317468a-d31c-4e3c-ba9e-f63ad01798a6,musical.la,resell,98,20,7,LA Domain Names,10/07/2020 01:10,10/07/2026 23:59
b54acc06-b935-48a8-9a2e-af346585810d,musical.lat,available,98,20,7,,,
10c00d54-6d7b-468b-b7ed-a6d1cb7814b0,musical.law,available,98,20,7,,,
fc4ddca3-7c9e-45e1-a7bb-b039e0c36e96,musical.lawyer,available,98,20,7,,,
9d837884-cb70-4465-b96a-d37a870613ba,musical.lease,available,98,20,7,,,
10802527-c97e-4894-9d7d-cd372e15f3e7,musical.legal,available,98,20,7,,,
e5eba2f0-5141-423b-85c6-4c92c7e86643,musical.lgbt,premium,98,20,7,,,
bcac10f7-8cd4-4df4-92f3-eae7b9535e3d,musical.life,resell,98,20,7,"Spaceship, Inc.",15/04/2024 15:15,15/04/2026 15:15
71d2968f-8ce9-444f-9ac2-2469a4305dd4,musical.lifestyle,available,98,20,7,,,
115188fe-dfc9-478c-9df8-23bdf240c3dc,musical.lighting,available,98,20,7,,,
b58be919-baef-499f-907f-a4d82a82d009,musical.limited,available,98,20,7,,,
14fead90-0d12-4282-b306-d38bf74f72db,musical.limo,available,98,20,7,,,
e2276a55-cb63-4e86-b85b-7cf4ff7b72a3,musical.link,premium,98,20,7,,,
4ee85c41-f4b1-42c0-adad-1c5aabf42fb6,musical.live,premium,98,20,7,,,
d5972f8c-2ee3-4eff-af85-ba15e4481329,musical.living,available,98,20,7,,,
6ffa176c-d8b2-496f-b491-a7d6085da11d,musical.llc,available,98,20,7,,,
893eccf2-7a4a-487e-9ea7-97b79da2e133,musical.loan,premium,98,20,7,,,
5c2b3c97-41f4-4e76-a612-c6cfe9596815,musical.loans,available,98,20,7,,,
e96b897f-e5cf-4e99-8fc6-ee95c3b1c2ca,musical.locker,premium,98,20,7,,,
4f7b3753-9c2d-4f8e-9d18-a72f2c375ffe,musical.love,premium,98,20,7,,,
f9bae82a-ccee-43c4-8bff-a1e5c5b03478,musical.ltda,available,98,20,7,,,
89e3a349-fd92-4266-96ae-2c5694b05bb3,musical.luxe,available,98,20,7,,,
eb7f27af-c12c-4426-9f47-87d5fc20fdbc,musical.luxury,premium,98,20,7,,,
89d5c1f6-a849-424e-8963-12adfc5a78fe,musical.maison,available,98,20,7,,,
9d8249e5-c398-4589-956c-16c11dd12135,musical.makeup,available,98,20,7,,,
3ad6d91b-a34c-4d53-9e47-ee85f27bc08e,musical.market,expired,98,20,7,"NameCheap, Inc.",19/07/2024 12:35,19/07/2025 12:35
f86a6d29-a719-4fb0-bacd-ffc611f9f8cd,musical.marketing,available,98,20,7,,,
d9a13e1f-8a3c-4595-b07f-24ca6ede5b3a,musical.mba,available,98,20,7,,,
1265471f-0237-4e45-a7af-d89b983e0293,musical.melbourne,premium,98,20,7,,,
aea7204d-3b19-4b68-9fd2-70f51665cbdc,musical.meme,premium,98,20,7,,,
6175ae4c-2935-4791-adc0-4ff3dd3a26e5,musical.memorial,available,98,20,7,,,
81dc5058-10cc-46bf-b80c-442cf1d81bbf,musical.men,premium,98,20,7,,,
46354824-b842-4387-a03b-c77429ed6a6f,musical.menu,premium,98,20,7,,,
3b7f8c49-d89a-49ec-97b1-3d13b51fa153,musical.miami,available,98,20,7,,,
87747dcb-60ea-4a97-a50c-0d656c7a2b0f,musical.mobi,premium,98,20,7,,,
21a0ad71-5e5b-47e6-8255-456069daaa8f,musical.moda,available,98,20,7,,,
50430c62-cbb1-41a1-aa92-3f5359a51065,musical.moe,premium,98,20,7,,,
92b0e88e-15c6-4220-8f8e-5eca10c14761,musical.money,available,98,20,7,,,
e297600f-54f8-429b-b0ea-0b4ff91bf246,musical.mortgage,available,98,20,7,,,
7018c732-6efd-4b09-b520-4c28c0318e6f,musical.motorcycles,available,98,20,7,,,
0f8a0cbe-6a3b-46b5-b119-f322b4a6fcb9,musical.mov,premium,98,20,7,,,
0bf633a4-da77-43f1-8bb4-7f8ae54b9bdc,musical.movie,available,98,20,7,,,
601a426c-8bfb-407d-b638-b367f2e1af6e,musical.music,premium,98,20,7,,,
d2e2387a-a817-45ba-949a-b200a203d36c,musical.mx,resell,98,20,7,Key-Systems GmbH,29/06/2009 00:00,28/06/2026 00:00
7f01f234-f346-478c-93f7-9f9a0515b9c4,musical.my,premium,98,20,7,,,
af4c21de-e9da-476f-9535-ee027424e769,musical.navy,available,98,20,7,,,
483418fd-e8a3-47d7-ac7b-a493025e5bd5,musical.net,sold,98,20,7,EPAG Domainservices GmbH,14/07/1997 04:00,13/07/2026 04:00
2c9f0824-ffa7-45d7-8e78-f161636d254b,musical.news,premium,98,20,7,,,
278ebc34-8114-45a1-bf25-490709dbc2ff,musical.nexus,premium,98,20,7,,,
7b4934d5-876b-4c38-be1d-60c6383e9c0e,musical.ngo,available,98,20,7,,,
db43ac37-68e8-4b5c-8abe-60da7a1956c4,musical.ninja,expiring,98,20,7,Mesh Digital Limited,26/09/2022 17:35,26/09/2025 17:35
c3e48c64-e221-4273-a79e-60956e06a36a,musical.observer,premium,98,20,7,,,
bf3cfd13-62a3-4e2b-9e61-81be591aab34,musical.one,premium,98,20,7,,,
c90b1146-f9b2-4787-bb68-cb5d2add01c1,musical.ong,available,98,20,7,,,
ceab8399-5417-4754-990b-bbba8701c7a5,musical.onl,available,98,20,7,,,
c7fd67f0-6b3d-4372-8e34-f8335a941bcf,musical.online,premium,98,20,7,,,
24684bc2-c7d9-4930-817b-5398bb5c4954,musical.ooo,available,98,20,7,,,
9c7f29db-acc3-472d-9f0b-da329669c4b4,musical.organic,available,98,20,7,,,
1ce9b748-2a78-43fd-9522-fcc795998530,musical.osaka,premium,98,20,7,,,
3e9aee29-31e7-4e44-847c-7ed4f76a6336,musical.page,premium,98,20,7,,,
5a0afeb7-1938-4e27-bf54-81c64c863da2,musical.partners,available,98,20,7,,,
f568334f-9f9c-49d2-96c8-3e4d1d1d9e6c,musical.parts,premium,98,20,7,,,
222615aa-9f21-4bec-83d9-d424a40cd3c8,musical.party,premium,98,20,7,,,
4e9cad7e-b69b-4c25-bcf3-ec3922ebd6d1,musical.pet,available,98,20,7,,,
38db94ae-aa8f-4445-a5e1-38e20afcb07c,musical.phd,premium,98,20,7,,,
2cac1bec-5455-4052-9a74-14d33bb01a62,musical.photo,premium,98,20,7,,,
1de5b704-ff2d-4faa-bcae-e7a10a8043d6,musical.photography,available,98,20,7,,,
a379d3e8-ec03-4466-b431-02352bfd0029,musical.photos,available,98,20,7,,,
c8bba114-9fc6-411d-a3f3-0340f48ea141,musical.pics,available,98,20,7,,,
f9de3cc2-a9e6-4f57-abff-1953bee678f4,musical.pictures,premium,98,20,7,,,
dd3e8217-d9d8-40bc-8f99-fdebc86fa069,musical.pink,available,98,20,7,,,
2c15c2f9-a598-4dcc-90aa-d2fe152d6bc4,musical.pizza,available,98,20,7,,,
ffa6a046-15ac-4062-b33c-6c9a1052b58c,musical.place,available,98,20,7,,,
36a3148b-2ddb-407e-986a-2c3358b4d3f5,musical.plumbing,available,98,20,7,,,
52bd3ae9-700c-4d0c-80d6-cb0556581b3c,musical.plus,resell,98,20,7,IONOS SE,08/07/2015 16:00,08/07/2026 16:00
32cadc27-f266-45f4-837e-13d6949fed7a,musical.poker,available,98,20,7,,,
de18a025-850a-4897-8eb3-dfdd13c8fa27,musical.porn,available,98,20,7,,,
2a5e699c-745b-47fd-afee-5fe33f8bc4d1,musical.press,premium,98,20,7,,,
be0617ac-d496-49a3-8a24-e83b3583ad13,musical.pro,resell,98,20,7,Epik LLC,01/01/2019 10:26,01/01/2026 10:26
bdb25e64-5ed1-4f9f-b441-4e5809526aeb,musical.productions,premium,98,20,7,,,
5587923c-948b-4e3a-9ea7-cfab3ae05b68,musical.prof,premium,98,20,7,,,
1a03e11e-aeb4-4e44-91d5-b41f0c3584a0,musical.promo,premium,98,20,7,,,
c80ff00f-97a2-4aa8-a71a-ddf1027de608,musical.properties,available,98,20,7,,,
4ae11ac4-9a64-4d05-a17d-a7ddf11acd49,musical.property,premium,98,20,7,,,
314f29fe-ffb7-48e0-9226-0386b9cbecf1,musical.protection,available,98,20,7,,,
a455b322-83b5-4680-8040-086b40f1808f,musical.pub,available,98,20,7,,,
93e5be73-7225-4976-9e3d-f3152e347507,musical.pw,premium,98,20,7,,,
a3a63c20-a0a4-465d-bf41-81a518cc0793,musical.qpon,available,98,20,7,,,
794e534f-141f-433c-b456-9c62ee0d9c51,musical.racing,premium,98,20,7,,,
3cd35b43-0759-463d-85dc-a078f8ef6635,musical.realty,available,98,20,7,,,
8a7517ae-5fea-46c7-8ff8-b0770e3a2dca,musical.recipes,available,98,20,7,,,
ea60cf30-eafc-4e92-bf5b-ce568bba1ba3,musical.red,available,98,20,7,,,
38c2b5bb-98f5-485b-946a-d99b3d224237,musical.rehab,premium,98,20,7,,,
a8fd4851-fc01-4778-a309-23b627378c46,musical.reise,premium,98,20,7,,,
c5df563a-7fe0-4fef-9bc1-6e5be4415a0e,musical.rent,available,98,20,7,,,
1e2c2775-1134-4bcd-8bed-9185753738aa,musical.rentals,premium,98,20,7,,,
d320b40c-ac10-4832-9111-02567608da59,musical.repair,available,98,20,7,,,
ad139913-ec47-4a69-b000-1cf1f6435d79,musical.report,available,98,20,7,,,
56ea9871-df48-46dd-b8a8-516fbe99c8cb,musical.republican,available,98,20,7,,,
d45cd201-62a7-4fb5-b8a9-e83322ca290f,musical.rest,resell,98,20,7,NAMECHEAP,02/12/2022 01:32,02/12/2025 23:59
8b872a80-3bba-4157-b70f-90e0bd4e5200,musical.restaurant,available,98,20,7,,,
222fab24-003e-4b66-bff8-bc9fb5cef96e,musical.rich,available,98,20,7,,,
0e7533e9-0e56-4cdc-b67a-adc203c16f20,musical.rip,available,98,20,7,,,
b15b7872-731a-402b-8413-1027edddefcd,musical.rocks,available,98,20,7,,,
3ac8356a-3262-4754-a7ea-6baf85e80eb6,musical.rsvp,premium,98,20,7,,,
aadb93a1-4f8a-4058-8d99-181af117b9f6,musical.sale,premium,98,20,7,,,
5edc0434-f505-41f8-a173-9363b8502ebe,musical.sarl,available,98,20,7,,,
9d185c1c-b708-4268-a20e-88a3997f0bc0,musical.sbs,premium,98,20,7,,,
6bc37f4b-f1e9-4636-9057-e782ff36f49d,musical.science,premium,98,20,7,,,
ef6923b9-4b81-4193-962e-ea72d8d57a6e,musical.security,available,98,20,7,,,
ce613759-6193-4261-b8b1-93447719008a,musical.sh,available,98,20,7,,,
a3668834-3d00-4fa0-8ea6-02b227465bff,musical.shiksha,available,98,20,7,,,
f8c3dab2-87f6-4e26-9b69-9b47ceec4231,musical.shoes,available,98,20,7,,,
5e450e8b-65ec-40ce-afcc-09557d055163,musical.shopping,available,98,20,7,,,
5c38f3c0-ab91-46c9-a3da-3d3f23a2573e,musical.singles,available,98,20,7,,,
2d1814f0-21cf-478e-b9ae-b7a2086c8abc,musical.site,premium,98,20,7,,,
4bc01328-58a9-43d3-8c5e-d6a810eaaf69,musical.ski,available,98,20,7,,,
79b5b598-b0d9-4046-b524-06dfb561f359,musical.skin,available,98,20,7,,,
cc766733-0a7c-4ae5-a68b-5c5aba2ba47a,musical.so,available,98,20,7,,,
9749a87d-35fe-4ee5-8834-5126cdfe3831,musical.soccer,available,98,20,7,,,
26cf2820-7748-4f13-ad5c-5aeda8910df4,musical.solar,available,98,20,7,,,
330218cc-2362-497d-846a-ed07db09c65e,musical.solutions,available,98,20,7,,,
e3a9df69-102f-41f2-8d55-70bd679ea6f3,musical.soy,premium,98,20,7,,,
4a594a74-4e1f-4439-a434-42e1418456ef,musical.space,premium,98,20,7,,,
647209a5-6f0c-499c-8dd1-3dc06fe5bf25,musical.spot,premium,98,20,7,,,
7f545e5c-4de0-4dd0-b5ac-443903500e04,musical.srl,available,98,20,7,,,
46c3e269-6a39-4a19-8178-ce8670819a22,musical.storage,available,98,20,7,,,
afc8ac73-77d8-4b9a-893c-5cd1a263ded2,musical.store,premium,98,20,7,,,
594578ae-c761-4b80-afea-93fd16600443,musical.studio,premium,98,20,7,,,
5e8e2fb4-52f8-4f04-9a6b-cbd18873daf4,musical.study,premium,98,20,7,,,
c60dbf80-4b6c-493b-b95e-27e4f62c0936,musical.style,premium,98,20,7,,,
5e1ad102-8a46-4fa8-a7e0-1715d3b15ca3,musical.sucks,available,98,20,7,,,
34f668d5-e537-4da3-a1a2-1ca78811ee15,musical.supplies,available,98,20,7,,,
10128641-ec71-46df-9ce2-2b3780e81045,musical.supply,premium,98,20,7,,,
e2c57028-a5c7-42df-862c-2d84c5ee217f,musical.support,available,98,20,7,,,
55fe81cf-7473-4068-893f-66f758a616d1,musical.surgery,available,98,20,7,,,
85f7fb40-84ee-4e58-9993-20149b2017a2,musical.sydney,premium,98,20,7,,,
5081a60f-a464-429d-b24c-b9aa461b57fe,musical.systems,available,98,20,7,,,
25644d42-1921-452a-8373-01007480ec30,musical.tattoo,available,98,20,7,,,
9c25a296-62f7-4da0-bcc9-46fe6eb95ad1,musical.tax,available,98,20,7,,,
9f140b47-3329-4673-87dd-6ff1ecc82429,musical.taxi,available,98,20,7,,,
41d6fa99-15de-476c-8803-77bef3b2f871,musical.team,available,98,20,7,,,
97271bf4-34cc-489f-9b4c-15e5dc807cf5,musical.tech,premium,98,20,7,,,
868d6abd-158d-41c9-b30a-28a7ff9de2c7,musical.technology,available,98,20,7,,,
4a720fa1-4463-4b51-9f36-611ec24a9af7,musical.tel,available,98,20,7,,,
c186dfc5-c37f-441f-a4a4-ecc7345cced8,musical.tennis,available,98,20,7,,,
c8b57d58-c524-4f21-9cae-8f233c5e8ab7,musical.tienda,available,98,20,7,,,
6e4a6e13-370c-4e9f-949c-080138d25a9f,musical.tips,resell,98,20,7,united-domains GmbH,26/02/2014 16:00,26/02/2026 16:00
ada53514-6ab1-454b-be42-ca1b5ee2a07b,musical.tires,available,98,20,7,,,
923e7168-8865-4594-8dc0-179cfc045ebe,musical.tools,resell,98,20,7,"NameCheap, Inc.",31/08/2020 07:38,31/08/2026 07:38
cc3e6c00-f559-4726-b179-b6e38e0e007a,musical.tours,available,98,20,7,,,
a006a240-67e2-4253-9e47-8a67c19f8b01,musical.town,premium,98,20,7,,,
2e3e96ea-9dc4-4ac9-8a69-d28a73224286,musical.trade,premium,98,20,7,,,
7080b6e2-3ed4-4bb6-a76f-cae6f7c4c9a3,musical.travel,available,98,20,7,,,
da9e94eb-b9ef-4924-9214-6d1d2aa3b0d7,musical.tube,premium,98,20,7,,,
b2621fdb-5f4f-43b1-940e-e27db67a470e,musical.tv,expiring,98,20,7,Dynadot Inc,27/09/2010 08:46,27/09/2025 08:46
fb78980c-969b-4032-be64-321d0aef967d,musical.university,resell,98,20,7,Porkbun LLC,17/12/2021 22:13,17/12/2025 22:13
2e622966-10ed-4918-b24b-37d7deb9d695,musical.uno,premium,98,20,7,,,
9efe4e27-7f25-4767-a013-f1749e3a1e37,musical.vacations,available,98,20,7,,,
0091baf7-058a-430a-8298-e345c31a4193,musical.vana,available,98,20,7,,,
0311d1c4-feeb-47cf-bfe4-4b8ab196520e,musical.vc,resell,98,20,7,"Sav.com, LLC",11/11/2024 21:55,11/11/2025 21:55
1183b9f3-edc4-4766-a5fb-8f2a92befa0c,musical.vegas,available,98,20,7,,,
051544eb-2466-4e53-8c2e-50e96a1db371,musical.vet,available,98,20,7,,,
bc09f0dc-209f-49bb-912f-e68fcdd6f05e,musical.video,premium,98,20,7,,,
554101f8-1006-4175-ba6a-68b852e7990a,musical.villas,available,98,20,7,,,
952e4de5-9578-4d9f-8547-628946d34606,musical.vin,available,98,20,7,,,
ed11d1b9-b52d-4da5-896c-dc0071ee1b09,musical.vip,premium,98,20,7,,,
ee3c64e0-7d58-433d-96c3-724d523d7f4d,musical.vodka,available,98,20,7,,,
f9612303-dd4f-443e-9236-1b56af09477d,musical.vote,available,98,20,7,,,
b9d00590-6de0-4bdc-a2af-6e94f95f524f,musical.voting,available,98,20,7,,,
7e9c2fd4-e4c4-4a46-a12a-0361fdf64306,musical.voto,available,98,20,7,,,
d175d376-65e3-4a50-9d56-abfe9665d279,musical.voyage,available,98,20,7,,,
d0e447d7-2266-4063-bc84-286bb94ba0f1,musical.watch,premium,98,20,7,,,
928837a8-996a-471a-9c73-4026efd4df6b,musical.webcam,premium,98,20,7,,,
c0d4e600-243c-48c5-b17f-dae6bee75afa,musical.wedding,premium,98,20,7,,,
d13b4d75-344e-4361-87bd-7ab048da428a,musical.wiki,premium,98,20,7,,,
8cf39437-ac83-4600-bfa0-0c42ba980eb8,musical.win,premium,98,20,7,,,
8f9c7b35-5465-4834-abe6-83a8a5afddbd,musical.wine,available,98,20,7,,,
ba13d10a-c607-4672-8d6f-d0e15236f876,musical.work,premium,98,20,7,,,
b0729b64-8395-427f-b637-06267c5b2f5c,musical.works,premium,98,20,7,,,
6b9a066f-04af-4294-b316-f08781a56cbe,musical.xyz,resell,98,20,7,"Go Daddy, LLC",02/06/2014 17:31,02/06/2026 23:59
4d76f676-8745-4d4c-99d6-a86482e2dc99,musical.yachts,available,98,20,7,,,
ced7c0a7-a552-424f-b1ed-93e91b103230,musical.zip,premium,98,20,7,,,
8a98eb8c-9c56-4865-8e75-e54cb8bd7759,musical.zone,sold,98,20,7,"NameCheap, Inc.",20/08/2025 10:45,20/08/2026 10:45
25bab0c7-7fd4-4819-96fa-d07a078dc101,opera.at,available,74,88,5,,,
e947152b-06fb-4f81-b959-bf95d5e07ada,opera.expert,available,74,88,5,,,
0769daf1-af3d-4c8e-8d08-ba725efb04e4,opera.gg,resell,74,88,5,Dynadot Inc. (https://www.dynadot.com),,
050e82b3-1033-47fd-a61f-e8977c6ddd6b,opera.net,expiring,74,88,5,Key-Systems GmbH,30/07/2014 18:32,30/07/2025 18:32
970209da-e9ce-4f9c-8220-2338d0c88fda,opera.ninja,available,74,88,5,,,
c1fac019-b3af-4b35-966d-e4518c310807,opera.site,premium,74,88,5,,,
5d9e8af2-f66e-499c-843f-d0dba14d27b6,opera.tech,premium,74,88,5,,,
2f5d1511-2973-426a-b834-cbbeeda7f244,opera.us,resell,74,88,5,"GoDaddy.com, LLC",11/07/2015 18:03,10/07/2026 23:59
908b0c35-9428-463d-9a29-82218462a6ff,opera.xyz,resell,74,88,5,TLD Registrar Solutions Ltd,28/08/2017 08:04,28/08/2025 23:59
ce7f124e-c02a-46bc-9cbb-97ba4947a775,opera.zone,available,74,88,5,,,
f1709c47-1f3d-49ec-94ee-c863ca967ad6,circ.us,expired,98,92,6,"GoDaddy.com, LLC",09/07/2006 18:02,08/07/2025 23:59
78589a37-2dcf-4704-b658-66647a6a8c95,circus.cloud,premium,98,92,6,,,
06e717e9-d01b-4ea7-b254-4b691d2c2e76,circus.expert,available,98,92,6,,,
c48458a2-39d6-4152-a3c7-466216b93640,circus.gg,resell,98,92,6,1API (http://www.1api.net),,
9f32611c-7e51-42ab-bbcd-bcea3ed6c134,circus.me,premium,98,92,6,,,
08b8d88c-0519-4fc4-8ca2-57179356ffc6,circus.pro,resell,98,92,6,"GKG.NET, INC.",31/03/2022 13:15,31/03/2026 13:15
02f943f4-b952-46cd-8640-079d1cf7a34b,circus.site,premium,98,92,6,,,
93d0610e-94c1-4608-9ba4-bc08e7b3dcc8,circus.space,premium,98,92,6,,,
2da00398-38a7-46d4-b13e-a70bc3214031,circus.store,premium,98,92,6,,,
e912bccd-d8d2-461a-a46a-34103ae33ff2,circus.zone,resell,98,92,6,Domain Science Kutatási Szolgáltató Korlátolt Felelősségű Társaság,24/01/2025 15:15,24/01/2026 15:15
28134e94-7ea4-40ca-a3e5-2da6025d4a8c,varietyshow.ai,available,60,72,12,,,
176b9fc7-7f9b-49a9-9198-1c5da123abd2,varietyshow.app,available,60,72,12,,,
d842ccb5-f9c6-4e89-8b61-67849fbf961a,varietyshow.at,available,60,72,12,,,
b0f1a9b9-d5c7-4f9f-973e-87862b03a24f,varietyshow.cloud,available,60,72,12,,,
3cc9331e-52f5-418d-bea5-2f213809416c,varietyshow.co,premium,60,72,12,,,
79cd8fdb-619c-46ef-8966-5c96a253d040,varietyshow.dev,available,60,72,12,,,
b8689b6b-f034-42bd-8691-14ce075254ca,varietyshow.expert,available,60,72,12,,,
36a449c1-8f97-4ccd-997c-7bb780365f2e,varietyshow.gg,available,60,72,12,,,
7999fcb4-1b50-418c-aaa5-24ae73542b1f,varietyshow.io,available,60,72,12,,,
b1466be1-2bc1-4999-b54e-384cab6beec2,varietyshow.it,expiring,60,72,12,,26/07/2018 09:00,26/07/2025 00:00
8dd346df-ca0f-4ea1-bf38-682824606834,varietyshow.me,available,60,72,12,,,
f107a53c-61d9-4b8f-affb-157b5d8d2954,varietyshow.net,premium,60,72,12,,,
37a7631a-06fc-4780-9503-499ac935bab0,varietyshow.ninja,available,60,72,12,,,
09f25287-a17e-4ca7-ac90-b2140552b1ab,varietyshow.online,available,60,72,12,,,
800fd099-8b01-46ea-98e2-0e2d7c780369,varietyshow.pro,available,60,72,12,,,
08126bfb-0319-4bb0-bf1b-300e2384824f,varietyshow.site,available,60,72,12,,,
c6c30a8f-c555-4846-b105-8728e0eaa54f,varietyshow.so,available,60,72,12,,,
206d55df-e29f-4ac9-b742-1db87e15c868,varietyshow.space,available,60,72,12,,,
ae8a7485-48d6-448a-a1a7-bb8f5d0738db,varietyshow.store,premium,60,72,12,,,
f1837919-2dae-4335-9367-38a0d8a31fcf,varietyshow.tech,available,60,72,12,,,
2cf8aae8-aedb-4b87-997a-de69b548eb19,varietyshow.xyz,premium,60,72,12,,,
3cd4e429-b4db-4afb-a958-73440c15d5e4,varietyshow.zone,available,60,72,12,,,
0fc8e71e-5ad9-4475-b78a-72b9e02dd147,cabaret.ai,resell,60,84,7,"NameCheap, Inc.",22/11/2020 19:01,22/11/2026 19:01
8342664b-83d2-4c75-83d7-f3e98e9b011a,cabaret.app,premium,60,84,7,,,
171a8305-c9b8-47ba-9c26-9b7563571177,cabaret.co,resell,60,84,7,InternetX GmbH,23/11/2015 18:01,22/11/2025 23:59
f8847823-9d24-4f43-aaae-24a617215802,cabaret.dev,available,60,84,7,,,
cfefeb7f-b91a-4b34-a12e-ba10e6c6ad35,cabaret.expert,available,60,84,7,,,
eb02ac86-f32f-44ca-a6fd-b97177cb3d8b,cabaret.gg,available,60,84,7,,,
bd9f6dfb-2e2e-4988-9898-3dda634b8ec1,cabaret.it,expiring,60,84,7,,30/07/2021 16:00,30/07/2025 00:00
bed86895-739e-48e7-97a4-3997549e622a,cabaret.ninja,available,60,84,7,,,
d27c0d7e-6d55-4e94-9fcc-e6388273b19f,cabaret.site,premium,60,84,7,,,
2fed8427-9f89-4062-a48d-557cf123ea93,cabaret.so,available,60,84,7,,,
714bc4d7-35b9-4a50-a667-bd8fdf25f8b5,cabaret.space,premium,60,84,7,,,
6e916b1e-4e57-4e2f-8562-954587874e5f,cabaret.tech,premium,60,84,7,,,
13100e94-dc8c-4ad3-b815-90bbb9efb94f,cabaret.zone,available,60,84,7,,,
492eb497-7fb0-47e9-93f4-6f4416a02c69,burlesque.ai,expired,100,88,9,Porkbun LLC,01/05/2023 19:38,01/05/2025 19:38
76232fc2-322d-42c7-bfbb-38d2396a67f9,burlesque.at,sold,100,88,9,InterNetX GmbH ( https://nic.at/registrar/80 ),,
26048b37-cc07-4b03-b1f9-61c03da43241,burlesque.expert,available,100,88,9,,,
8b9f8843-43d0-4310-ae74-7f07c31e3d2c,burlesque.gg,available,100,88,9,,,
7be52a88-9b2f-43a2-bbe8-40f4de5f6838,burlesque.ninja,available,100,88,9,,,
8838c4f8-2292-4660-b272-2e8d9c413b23,burlesque.online,premium,100,88,9,,,
d1263316-f3aa-418b-af95-bbfa731603f4,burlesque.pro,expired,100,88,9,"Spaceship, Inc.",24/05/2024 17:22,24/05/2025 17:22
e15c7428-85da-4ba7-9842-e7c7ff91ae07,burlesque.site,premium,100,88,9,,,
77f1a4d3-76c2-4ea8-ba2d-ea4262280c4e,burlesque.so,available,100,88,9,,,
8c2d6ce0-998a-4344-be15-5c0467c451b1,burlesque.space,premium,100,88,9,,,
a28b88f5-fb39-4945-908e-3154d08534a9,burlesque.store,premium,100,88,9,,,
aaa6c85d-13ab-452c-a984-d124aca80b25,burlesque.tech,premium,100,88,9,,,
ce0e12f0-e7b0-45b4-8961-64bac3f70c6e,burlesque.xyz,resell,100,88,9,"Go Daddy, LLC",02/06/2014 16:53,02/06/2026 23:59
b9659266-0052-44bb-9709-917ff0b37ff9,puppetry.at,available,58,76,8,,,
6d5b86bf-5d8e-47a2-87c0-d3f1e8d8603d,puppetry.cloud,available,58,76,8,,,
548b645a-5370-4afe-b0c3-d74c5508f0d5,puppetry.co,premium,58,76,8,,,
a494a3a8-c6e4-4178-8ad1-2aaf71378b68,puppetry.dev,available,58,76,8,,,
571e7734-37a4-4524-8e0a-e873bab25c93,puppetry.expert,available,58,76,8,,,
4934fa4c-2dba-4802-9f67-693ca69d85ab,puppetry.gg,available,58,76,8,,,
f58cb094-d93d-4fb2-af97-16a231388570,puppetry.me,available,58,76,8,,,
99e31f3c-124c-44fe-aeac-90989c4ec150,puppetry.ninja,available,58,76,8,,,
a5506a9e-0b43-423a-9b56-4d29542d6de6,puppetry.online,premium,58,76,8,,,
d0094736-f650-4d30-846e-138d3ffd5d9b,puppetry.pro,available,58,76,8,,,
52c952d7-ae71-42ef-a4c1-a128e78967ff,puppetry.site,available,58,76,8,,,
adae6439-3526-464b-8dae-4a708cb81628,puppetry.so,expired,58,76,8,,,
bedf70e9-cec2-4e9e-a370-5e07f0e819e2,puppetry.space,premium,58,76,8,,,
95938909-5642-4c27-995b-9dff93ae025c,puppetry.store,premium,58,76,8,,,
3df86061-daf8-46fc-a64b-bf63b9c9d826,puppetry.tech,premium,58,76,8,,,
1998f963-4bbe-4362-87dd-11183023c6c2,puppetry.us,available,58,76,8,,,
19d75e55-0688-422e-83f1-79aa0c2f2dab,puppetry.zone,available,58,76,8,,,
648f7539-c978-491e-9dc9-e5128321a541,storytelling.app,resell,,60,12,"Sav.com, LLC",14/10/2022 12:15,14/10/2025 12:15
e1909546-c7b9-4ba0-a5cc-8a1fbeaceed5,storytelling.cloud,premium,,60,12,,,
82eff2d3-60b1-4d41-986e-5e6bfeee1e28,storytelling.dev,premium,,60,12,,,
7d3b49d3-3b84-4dc7-843c-f1fc548f2b3c,storytelling.gg,available,,60,12,,,
13ac99c3-5bc0-4890-aa92-16144cf48d0e,storytelling.net,expiring,,60,12,DropCatch.com 916 LLC,24/07/2024 18:25,24/07/2025 18:25
2e64f63e-fbe8-4532-b0ef-c67568444b1a,storytelling.pro,expiring,,60,12,One.com A/S,14/07/2015 01:05,14/07/2025 01:05
fd1643ea-351e-40eb-86f9-b0e748c8a1ae,storytelling.site,premium,,60,12,,,
fd5ca65e-d26b-44d3-aa6b-2d05782850e9,storytelling.so,available,,60,12,,,
1cd57ae7-f34f-4d7b-93a9-cbfa6e83e075,storytelling.tech,premium,,60,12,,,
c020cbdb-ad90-4ae7-9a17-14bbd90e1cb0,storytelling.zone,available,,60,12,,,
bb76dd54-6591-4f3d-9efc-eecfb535e299,festival.app,resell,88,84,8,united-domains AG,03/05/2018 16:00,03/05/2026 16:00
23ebb0a6-92e0-49d5-a7c7-272b4d970d05,festival.at,sold,88,84,8,easyname GmbH ( https://nic.at/registrar/326 ),,
2fd290cb-187e-4e75-9aa5-7d20d3e52f59,festival.cloud,premium,88,84,8,,,
9cfca4c1-ae98-477b-b055-a2aac7622d67,festival.dev,premium,88,84,8,,,
4a391fc3-124f-45b2-8caf-0374e5c23213,festival.expert,premium,88,84,8,,,
77f0f088-566a-4da3-af7f-e6891719e3a4,festival.io,resell,88,84,8,"GoDaddy.com, LLC",06/03/2015 00:30,06/03/2026 00:30
f02e3c45-1166-4c14-b198-74ccf22e678d,festival.me,sold,88,84,8,"CSC Corporate Domains, Inc.",17/07/2008 15:00,17/07/2026 15:00
6833324b-27f9-4d44-a7d2-15927888935e,festival.online,premium,88,84,8,,,
00519b48-619c-4013-8186-29b2ce9aa3ef,festival.site,premium,88,84,8,,,
e531dcc6-60da-44e1-ad2f-c8ba714e441a,festival.so,available,88,84,8,,,
8578c430-7894-4867-8f57-866b49e1a3e9,festival.space,premium,88,84,8,,,
16d7c6e2-fc2c-4e78-9306-f2596d2662c9,festival.store,premium,88,84,8,,,
1c55bcf7-9f88-458c-8922-49041c079d2c,festival.tech,premium,88,84,8,,,
18f5ba30-27a7-4a00-84b2-65e8988b38f8,festival.xyz,premium,88,84,8,,,
071283b6-3e07-4946-8f9c-15dbb1f6c5f6,karaoke.at,available,94,88,7,,,
33d93a4f-7d9b-4593-a0ea-3a612178590e,karaoke.io,expiring,94,88,7,"GoDaddy.com, LLC",13/07/2019 10:11,13/07/2025 10:11
331116c8-c709-4710-83f3-3be4df3b3017,karaoke.pro,resell,94,88,7,"GKG.NET, INC.",21/12/2022 15:15,21/12/2025 15:15
26ab8ae5-ef85-4dcb-9ce9-064cf1892a40,karaoke.site,premium,94,88,7,,,
653404b4-5784-4857-a3e9-2d021b551bda,karaoke.so,resell,94,88,7,NameCheap,18/08/2024 22:07,18/08/2025 22:07
11f0ec50-d52f-4180-89ec-6fa0e7d45de7,karaoke.space,premium,94,88,7,,,
4e6af502-a4b6-4156-9960-880d61814dd7,karaoke.store,premium,94,88,7,,,
cb73b53f-632c-465a-b70e-8b65d1550c72,karaoke.tech,premium,94,88,7,,,
c971feb1-6e33-4a0d-a7d2-5655c76e5b68,karaoke.zone,resell,94,88,7,"NameCheap, Inc.",22/12/2017 00:34,22/12/2025 00:34
c542318f-e94e-4b09-9327-0658c92d298f,gaming.app,expiring,76,96,6,Namecamp Limited,03/05/2018 16:00,12/07/2025 13:04
f73e6673-29ff-4a1a-8f60-ee5e9617923f,gaming.cloud,premium,76,96,6,,,
1d5cf99a-5c8c-4f66-82bf-6e1d26096b86,gaming.co,resell,76,96,6,"GoDaddy.com, LLC",22/09/2010 18:25,21/09/2025 23:59
a0eed57e-4ad6-4666-8186-fdfff0003674,gaming.expert,resell,76,96,6,united-domains GmbH,19/11/2019 17:02,19/11/2025 17:02
eb60e725-b066-4bd6-a033-4ed15cf191a6,gaming.online,premium,76,96,6,,,
d0dd587d-4854-49ad-87f9-1b9dae62acfa,gaming.site,premium,76,96,6,,,
6728e3c4-a722-4a10-ac7a-1c4ce9fbdd24,gaming.space,premium,76,96,6,,,
19a045d1-d1ca-49ca-ad04-e42105a9cc7e,gaming.store,premium,76,96,6,,,
19e701e6-abdc-44e1-8292-10c71ae696cc,gaming.xyz,resell,76,96,6,"Sav.com, LLC",06/07/2021 12:50,06/07/2026 23:59
99a12791-345a-4a74-8ca8-6c541a61d4e9,eSports.ai,resell,78,64,7,Porkbun LLC,15/12/2017 22:26,30/05/2026 22:26
39381921-7e12-4c14-97c8-02f3856aec95,arcade.app,resell,84,88,6,Squarespace Domains II LLC.,05/05/2018 16:00,05/05/2026 16:00
ce6622c3-e4d9-4536-b345-277df022acfc,arcade.at,sold,84,88,6,Domainers Registrar AG ( https://nic.at/registrar/668 ),,
49367b8a-23b3-4b7f-a10b-5e418d7ce2eb,arcade.expert,available,84,88,6,,,
cfb9c939-650c-431f-9241-335222958e79,arcade.me,expiring,84,88,6,"GoDaddy.com, LLC",02/08/2008 14:02,02/08/2025 14:02
191c15ed-c914-4dab-a5ab-28efb670e3fc,arcade.pro,resell,84,88,6,Dynadot Inc,12/12/2015 10:35,12/12/2025 10:35
d6ac4edc-4353-4e98-bb50-2cc1ea5c00a4,arcade.site,premium,84,88,6,,,
8e6aa849-00f2-4e32-b02c-deaa446756c8,arcade.so,resell,84,88,6,NameCheap,08/06/2021 12:05,08/06/2026 12:05
5d0d200d-3e46-4dda-bdae-4343d75942bc,arcade.tech,premium,84,88,6,,,
2431e418-0515-42b3-a0be-ec44b3d7044e,party.at,available,118,88,5,,,
a607dae0-196d-4bce-b4e8-7e02f482cb3a,party.cloud,premium,118,88,5,,,
5498974b-b9eb-4dfa-9ef2-9af9ab8d604d,party.expert,premium,118,88,5,,,
418accae-e295-4b25-8673-4ebbc1601f74,party.gg,expired,118,88,5,Sav.com LLC (https://www.sav.com),,
36b1bd5a-dbdc-46f5-9865-cfeb1811d187,party.me,resell,118,88,5,"GoDaddy.com, LLC",17/08/2008 08:24,17/08/2025 08:24
195570ef-ef49-4942-9bad-b01b6a8bd0cf,party.ninja,premium,118,88,5,,,
8f083ecb-5222-4b3e-bf0e-79536a696ca2,party.online,premium,118,88,5,,,
7d6b60ff-8b71-46c5-b525-81a809c30f83,party.site,premium,118,88,5,,,
75154a2e-7d3b-4dc5-8f33-3f27da1ac806,party.space,premium,118,88,5,,,
97b44b61-b66c-4fbb-be76-8ba2915ec1fb,party.store,premium,118,88,5,,,
e3f7aa7a-adda-4771-b802-bd263d3f7f34,party.tech,premium,118,88,5,,,
765e3d8b-e1f2-4b96-a538-200cb5e2ca73,party.us,resell,118,88,5,"GoDaddy.com, LLC",24/04/2002 14:03,23/04/2027 23:59
c784dd5d-fdd3-45b6-88bd-b2ed3d5e30ba,party.zone,premium,118,88,5,,,
71a78777-45e7-47b2-8bdf-528b20ea080c,amusementpark.ai,premium,66,68,14,,,
5a74663f-3a2a-4cd4-89c1-220e05fcd564,amusementpark.app,expiring,66,68,14,Key-Systems LLC,20/07/2022 18:29,20/07/2025 18:29
63a26a42-5285-4c71-a4a3-23bab3bee880,amusementpark.at,available,66,68,14,,,
2a038c3b-b99a-4345-9fcc-16eed0ddca6f,amusementpark.cloud,available,66,68,14,,,
c16c403e-1fd1-4b04-885e-1cb5108ed58b,amusementpark.co,expiring,66,68,14,"NameCheap, Inc.",23/07/2023 17:07,23/07/2025 17:07
c026c008-9c1d-4b68-9ff4-cdd60758aa4b,amusementpark.dev,available,66,68,14,,,
cedee16c-20cb-4283-a730-1132ce76f044,amusementpark.expert,available,66,68,14,,,
b6002d9b-5e25-4214-b9b7-553cc3f55bb9,amusementpark.gg,available,66,68,14,,,
755b80ac-67ac-4857-8b97-376d2209869e,amusementpark.io,available,66,68,14,,,
f08e4124-2e16-486f-97ca-a464be3326b5,amusementpark.it,resell,66,68,14,,07/09/2012 21:23,08/10/2025 00:00
bc6714b5-10da-4322-933a-9ab02457d40f,amusementpark.me,available,66,68,14,,,
dded2057-6277-45a2-8683-bd6e1407f612,amusementpark.ninja,available,66,68,14,,,
65ebea77-e928-4762-808e-a6efe057e405,amusementpark.online,available,66,68,14,,,
12c83908-7934-411b-aa97-cda3d99fcc1f,amusementpark.pro,available,66,68,14,,,
195c71c4-d4a2-486b-b841-b4650946e840,amusementpark.site,expiring,66,68,14,"DNSPod, Inc.",16/07/2024 03:15,16/07/2025 23:59
65d24561-85de-48c2-acdb-1d52900c1341,amusementpark.so,available,66,68,14,,,
2914bade-309e-47b9-90d8-744aab7dc4fc,amusementpark.space,available,66,68,14,,,
17ded3a7-8d21-400b-9080-903b2acfa059,amusementpark.store,available,66,68,14,,,
2d55b031-b90d-4674-bf69-c5a340050a56,amusementpark.tech,premium,66,68,14,,,
27d04ef0-47b6-4c97-99b0-d57e25c4834c,amusementpark.us,expired,66,68,14,Dynadot Inc,06/07/2024 09:51,06/07/2025 09:51
cb324531-f1e4-4774-9503-4311f53b02e2,amusementpark.zone,available,66,68,14,,,
a90bf778-5ae0-4b39-b8cf-336de3e11f8a,attraction.ac,available,76,,10,,,
34bb6dba-81b3-4c7d-ac0e-162b178a3431,attraction.ag,available,76,,10,,,
466409a2-1d11-4dc8-bf49-5ba9e0def10f,attraction.at,sold,76,88,10,"GoDaddy.com, LLC ( https://nic.at/registrar/693 )",,
41b099d7-9351-4a1b-ad4a-04e729492ac2,attraction.bz,expiring,76,,10,"GMO Internet Group, Inc. d/b/a Onamae.com",07/09/2023 05:24,07/09/2025 05:24
3601c8d6-ddae-4033-9efb-1dbccdb14a51,attraction.cloud,resell,76,88,10,Porkbun LLC,14/11/2023 21:44,14/11/2025 21:44
9e62e09c-4159-494a-bab4-b77f11893a56,attraction.co,resell,76,,10,Dynadot Inc,20/07/2010 18:02,19/07/2027 23:59
931594cc-8947-44e7-8faa-ebf1bb23ab63,attraction.dev,premium,76,88,10,,,
e9ec4684-1863-40d4-9c3e-ecbfaf2844fb,attraction.gg,available,76,88,10,,,
06883328-70ec-4cd4-bcfc-6a49c35e6ccf,attraction.im,available,76,,10,,,
7cb83842-fb8b-4716-91e7-61162c99f4bd,attraction.la,available,76,,10,,,
7a619193-2c52-474b-b14a-9cf67adbb23e,attraction.me,expiring,76,,10,"Sav.com, LLC - 26",24/09/2024 17:00,24/09/2025 17:00
3802c464-4306-4921-9496-1abe92074b11,attraction.my,expired,76,,10,NAMECHEAP,06/07/2024 13:23,06/07/2025 13:23
d00170dd-6e18-49b3-b2e4-cbf1c61c09ba,attraction.ninja,available,76,88,10,,,
9e98c0db-29cf-4454-b77c-9b181076ecc6,attraction.sh,available,76,,10,,,
1630d416-3a4f-4a6f-9ea1-20ffa574a664,attraction.so,available,76,88,10,,,
1fb25847-f5d5-4b80-b96b-88bc4f3045a5,attraction.store,premium,76,88,10,,,
d3b38b3c-f58b-49ef-9934-1659264c9559,attraction.us,resell,76,,10,"GoDaddy.com, LLC",24/04/2002 14:21,23/04/2026 23:59
c1e298af-c12e-46da-9288-5d643008e5c1,attraction.vc,available,76,,10,,,
e731a81b-5ea3-40b8-bc36-8670363c947f,attraction.xyz,resell,76,88,10,"Go Daddy, LLC",02/06/2014 16:47,02/06/2026 23:59
53c75aaa-cf45-4ce9-84e0-72fd696b0c40,attraction.zone,available,76,88,10,,,
2883053d-2810-41a3-84b9-f0de3f254b24,ride.dev,premium,94,96,4,,,
4a009488-06b8-4d9d-93ef-fb0e0ed0ee81,ride.me,expiring,94,96,4,"GoDaddy.com, LLC",08/08/2008 06:28,08/08/2025 06:28
7af287e0-5620-4836-935b-e3cbc4d50571,ride.online,premium,94,96,4,,,
3eba2718-fcee-44a4-951d-faafc12aa346,ride.site,premium,94,96,4,,,
5f159348-db61-431d-ba09-ab0fba4092d2,ride.space,premium,94,96,4,,,
4ca7a5f2-57a1-4091-b911-33e08b2b5eb5,ride.store,premium,94,96,4,,,
3e2aaea9-91e6-4790-aba6-d57a79fa7b47,ride.zone,resell,94,96,4,"GoDaddy.com, LLC",25/03/2016 00:33,25/03/2026 00:33